id;datum;fallzahl;neue_faelle;todesfaelle;7_tage_inzidenz;rel_veraenderung_der_7_tage_inzidenz;7_tage_hosp_inzidenz;its_belegung
5716;03.06.2025;;;;0,9;;;
5713;02.06.2025;1470212;36;6396;0,8;-22,2;;
5710;01.06.2025;1470176;0;6374;0,8;-14,8;;0,3
5707;31.05.2025;1470176;0;6374;0,8;-7,8;;0,3
5704;30.05.2025;1470176;0;6374;0,7;-0,9;0,2;0,3
5701;29.05.2025;1470176;0;6374;0,9;9,6;0,2;0,2
5698;28.05.2025;1470176;0;6374;1;19,7;0,3;0,2
5695;27.05.2025;1470176;0;6374;1,2;34,5;0,5;0,2
5692;26.05.2025;1470176;55;6374;1,4;43,2;0,7;0,2
5689;25.05.2025;1470121;0;6374;1,3;43,2;0,7;0
5686;24.05.2025;1470121;0;6374;1,3;40,8;0,7;0
5683;23.05.2025;1470121;0;6374;1,3;36;0,7;0
5680;22.05.2025;1470121;0;6374;1,2;20,8;0,7;0,2
5677;21.05.2025;1470121;0;6374;1,3;8;0,7;0,2
5674;20.05.2025;1470121;0;6374;1,1;-12,8;0,5;0,2
5671;19.05.2025;1470121;29;6374;0,9;-21,4;0,5;0,2
5668;18.05.2025;1470092;0;6374;0,9;-22,4;0,5;0
5665;17.05.2025;1470092;0;6374;1;-22,2;0,5;0
5662;16.05.2025;1470092;0;6374;0,9;-22,1;0,5;0
5659;15.05.2025;1470092;0;6374;0,8;-15,7;0,4;0
5656;14.05.2025;1470092;0;6374;0,6;-12;0,3;0
5653;13.05.2025;1470092;;6374;0,7;-2,5;0,4;0
5650;12.05.2025;;;;0,8;0,8;0,3;0
5647;11.05.2025;1470066;0;6374;0,9;6,2;0,3;0,2
5644;10.05.2025;1470066;0;6374;0,8;11,9;0,3;0,3
5641;09.05.2025;1470066;0;6374;1,2;19,7;0,5;0,3
5638;08.05.2025;1470066;0;6374;1,1;20,6;0,5;0,3
5635;07.05.2025;1470066;0;6374;1,4;23,5;0,6;0,3
5632;06.05.2025;1470066;0;6374;1,3;14,9;0,6;0,5
5629;05.05.2025;1470066;46;6374;1,1;12,9;0,5;0,5
5626;04.05.2025;1470020;0;6373;1,1;7,3;0,5;0,3
5623;03.05.2025;1470020;0;6373;1,1;1,9;0,5;0,3
5620;02.05.2025;1470020;0;6373;0,7;-3,5;0,3;0,3
5617;01.05.2025;1470020;0;6373;0,9;-4;0,4;0,3
5614;30.04.2025;1470020;0;6373;0,8;-7,2;0,3;0,3
5611;29.04.2025;1470020;0;6373;1,1;-3,7;0,4;0,3
5608;28.04.2025;1470020;20;6373;1;-4,6;0,4;0,5
5605;27.04.2025;1470000;;6371;1;-1;0,4;0,5
5602;26.04.2025;;;;1;2,1;0,4;0,5
5599;25.04.2025;;;;0,9;4,1;0,4;0,6
5596;24.04.2025;;;;0,8;8,7;0,3;0,5
5593;23.04.2025;1470000;0;6371;1;15,4;0,4;0,5
5590;22.04.2025;1470000;47;6371;0,7;17;0,2;0,2
5587;21.04.2025;1469953;0;6371;1;25,5;0,4;0,3
5584;20.04.2025;1469953;0;6371;1;23,6;0,4;0,3
5581;19.04.2025;1469953;0;6371;1;20,8;0,4;0,3
5578;18.04.2025;1469953;0;6371;1,1;17,9;0,4;0,5
5575;17.04.2025;1469953;0;6371;1,1;4,3;0,4;0,5
5572;16.04.2025;1469953;0;6371;1;-12,3;0,3;0,3
5569;15.04.2025;1469953;0;6371;0,8;-23,9;0,3;0,2
5566;14.04.2025;1469953;29;6371;0,8;-29,8;0,2;0,3
5563;13.04.2025;1469924;0;6370;0,8;-34,9;0,2;0,2
5560;12.04.2025;1469924;0;6370;0,8;-37,1;0,2;0,2
5557;11.04.2025;1469924;0;6370;0,7;-37,5;0,2;0,2
5554;10.04.2025;1469924;0;6370;0,7;-36,6;0,2;0,2
5551;09.04.2025;1469924;0;6370;0,8;-33,7;0,2;0,3
5548;08.04.2025;1469924;0;6370;0,8;-30,9;0,2;0
5545;07.04.2025;1469924;31;6370;0,9;-26,9;0,2;0
5542;06.04.2025;1469893;0;6369;0,9;-22,1;0,2;0
5539;05.04.2025;1469893;0;6369;0,8;-17,2;0,2;0,2
5536;04.04.2025;1469893;0;6369;1;-11,1;0,3;0,2
5533;03.04.2025;1469893;0;6369;1,2;-5,6;0,4;0
5530;02.04.2025;1469893;0;6369;1,3;0,3;0,5;0
5527;01.04.2025;1469893;0;6369;1,3;5,7;0,5;0,2
5524;31.03.2025;1469893;46;6369;1,5;11;0,5;0,2
5521;30.03.2025;1469847;0;6369;1,5;15,3;0,5;0,2
5518;29.03.2025;1469847;0;6369;1,5;19,6;0,5;0,2
5515;28.03.2025;1469847;0;6369;1,5;23,3;0,5;0,2
5512;27.03.2025;1469847;0;6369;1,5;25,3;0,4;0,2
5509;26.03.2025;1469847;0;6369;1,5;24,7;0,5;0,2
5506;25.03.2025;1469847;0;6369;1,5;23,2;0,6;0,2
5503;24.03.2025;1469847;56;6369;1,4;19;0,6;0,2
5500;23.03.2025;1469791;0;6367;1,4;17,4;0,6;0,2
5497;22.03.2025;1469791;0;6367;1,4;12,8;0,6;0,2
5494;21.03.2025;1469791;0;6367;1,4;7,3;0,6;0,3
5491;20.03.2025;1469791;0;6367;1,3;1,8;0,7;0,3
5488;19.03.2025;1469791;0;6367;1,2;-3,3;0,6;0
5485;18.03.2025;1469791;0;6367;1,2;-9,6;0,5;0
5482;17.03.2025;1469791;42;6367;1,1;-14,3;0,4;0,2
5479;16.03.2025;1469749;0;6364;1,1;-18,3;0,4;0,2
5476;15.03.2025;1469749;0;6364;1,1;-19,6;0,4;0,2
5473;14.03.2025;1469749;0;6364;1;-19,9;0,4;0,2
5470;13.03.2025;1469749;0;6364;1,1;-18,5;0,5;0,2
5467;12.03.2025;1469749;0;6364;1,1;-19,9;0,5;0,2
5464;11.03.2025;1469749;0;6364;1,2;-24,1;0,6;0,2
5461;10.03.2025;1469749;43;6364;1,1;-28,2;0,6;0,2
5458;09.03.2025;1469706;0;6362;1,2;-35;0,6;0,2
5455;08.03.2025;1469706;0;6362;1,2;-38,4;0,6;0,2
5452;07.03.2025;1469706;0;6362;1,1;-38,9;0,6;0,2
5449;06.03.2025;1469706;0;6362;1,3;-40,5;0,5;0,3
5446;05.03.2025;1469706;0;6362;1,4;-41,8;0,6;0,3
5443;04.03.2025;1469706;0;6362;1,4;-38,3;0,7;0,5
5440;03.03.2025;1469706;54;6362;1,5;-38;0,8;0,5
5437;02.03.2025;1469652;0;6353;1,5;-36,4;0,8;0,5
5434;01.03.2025;1469652;0;6353;1,5;-33,5;0,8;0,7
5431;28.02.2025;1469652;0;6353;1,5;-29,6;0,8;0,7
5428;27.02.2025;1469652;0;6353;1,6;-22,7;0,9;0,7
5425;26.02.2025;1469652;0;6353;2;-14,2;1;0,7
5422;25.02.2025;1469652;0;6353;2,1;-9,2;0,9;0,7
5419;24.02.2025;1469652;83;6353;2,7;-2,4;1,3;0,8
5416;23.02.2025;1469569;0;6351;2,7;1,4;1,3;1,2
5413;22.02.2025;1469569;0;6351;2,7;5,1;1,3;1,2
5410;21.02.2025;1469569;0;6351;3,1;8,3;1,4;1
5407;20.02.2025;1469569;0;6351;3,3;4,5;1,6;0,8
5404;19.02.2025;1469569;0;6351;2,7;-2,2;1,4;0,7
5401;18.02.2025;1469569;0;6351;3,4;-7,3;1,9;0,7
5398;17.02.2025;1469569;123;6351;3,3;-15,8;1,8;0,7
5395;16.02.2025;1469446;0;6345;3,3;-22,8;1,8;0,8
5392;15.02.2025;1469446;0;6345;3,3;-27,1;1,8;0,8
5389;14.02.2025;1469446;0;6345;2,9;-29,4;1,7;0,9
5386;13.02.2025;1469446;0;6345;2,6;-28,2;1,5;0,3
5383;12.02.2025;1469446;0;6345;3;-26,3;1,6;0,3
5380;11.02.2025;1469446;0;6345;2,7;-24,4;1,2;0,5
5377;10.02.2025;1469446;104;6345;2,7;-20,4;1,1;0,7
5374;09.02.2025;1469342;0;6339;2,8;-15,9;1,2;0,8
5371;08.02.2025;1469342;0;6339;2,9;-11,1;1,2;0,8
5368;07.02.2025;1469342;0;6339;3,5;-5,5;1,4;0,7
5365;06.02.2025;1469342;0;6339;3,8;-1,2;1,4;0,7
5362;05.02.2025;1469342;0;6339;4,2;4;1,5;0,8
5359;04.02.2025;1469342;0;6339;4,4;5,9;1,7;1
5356;03.02.2025;1469342;163;6339;4,6;8,1;2;0,8
5353;02.02.2025;1469179;0;6335;4,5;4,2;2;1
5350;01.02.2025;1469179;0;6335;4,5;0,6;2;0,9
5347;31.01.2025;1469179;0;6335;4,3;-2,7;1,9;1
5344;30.01.2025;1469179;0;6335;4,6;-6,1;1,9;0,8
5341;29.01.2025;1469179;0;6335;4,4;-11,3;1,8;0,8
5338;28.01.2025;1469179;0;6335;4,3;-15,9;1,7;0,8
5335;27.01.2025;1469179;158;6335;4,3;-23,5;1,6;0,7
5332;26.01.2025;1469021;0;6328;4,4;-28,9;1,6;1,2
5329;25.01.2025;1469021;;6328;4,3;-31,4;1,5;1,3
5326;24.01.2025;;;;4,2;-31,9;1,5;1,3
5323;23.01.2025;1469021;0;6328;3,9;-31,8;1,5;1,4
5320;22.01.2025;1469021;0;6328;4,1;-32,9;2;1,1
5317;21.01.2025;1469021;0;6328;3,9;-29,6;1,9;1,8
5314;20.01.2025;1469021;162;6328;4,8;-20,9;2,2;1,6
5311;19.01.2025;1468859;0;6321;4,8;-13,1;2,2;1,5
5308;18.01.2025;1468859;0;6321;4,8;-5,6;2,2;1,5
5305;17.01.2025;1468859;0;6321;5,2;2,4;2,4;1,6
5302;16.01.2025;1468859;0;6321;5,5;5,7;2,5;1,6
5299;15.01.2025;1468859;0;6321;5,7;14,8;2,5;2
5296;14.01.2025;1468859;0;6321;7,1;24,5;3,1;3
5293;13.01.2025;1468859;263;6321;7,3;28,7;3,5;2,6
5290;12.01.2025;1468596;0;6319;7,1;28,7;3,5;2,8
5287;11.01.2025;1468596;0;6319;7,1;28,5;3,5;3
5284;10.01.2025;1468596;0;6319;7,4;27;3,5;2,3
5281;09.01.2025;1468596;0;6319;8,7;28,7;4,4;2,3
5278;08.01.2025;1468596;0;6319;7,5;13;3,9;2,3
5275;07.01.2025;1468596;0;6319;5,7;-3,3;3;2,8
5272;06.01.2025;1468596;238;6319;5,1;-17,3;2,6;2,1
5269;05.01.2025;1468358;0;6310;5,2;-26,9;2,6;2
5266;04.01.2025;1468358;0;6310;5,2;-32,7;2,6;1,5
5263;03.01.2025;1468358;0;6310;6,7;-35,4;3,9;1,5
5260;02.01.2025;1468358;0;6310;4,9;-38,7;2,6;2
5257;01.01.2025;1468358;0;6310;4,8;-38;2,5;2,2
5254;31.12.2024;1468358;0;6310;4,9;-36,9;2,5;2
5251;30.12.2024;1468358;160;6310;5,5;-35,2;2,5;2,3
5248;29.12.2024;1468198;0;6306;5,5;-34,3;2,5;2,2
5245;28.12.2024;1468198;0;6306;5,5;-32,1;2,5;1,8
5242;27.12.2024;1468198;0;6306;4;-28,9;1,2;1,9
5239;26.12.2024;1468198;0;6306;5,6;-22,3;2,2;2,2
5236;25.12.2024;1468198;0;6306;7,2;-15,4;2,7;2
5233;24.12.2024;1468198;0;6306;9,1;-11;3,8;2,4
5230;23.12.2024;1468198;319;6306;9,5;-7,7;3,7;2,2
5227;22.12.2024;1467879;0;6303;9,5;-3,6;3,7;2,2
5224;21.12.2024;1467879;0;6303;9,5;0,7;3,7;2,3
5221;20.12.2024;1467879;0;6303;9,6;5;3,8;1,9
5218;19.12.2024;1467879;0;6303;10;8,5;3,9;1,9
5215;18.12.2024;1467879;0;6303;10,6;11,3;4;1,6
5212;17.12.2024;1467879;0;6303;10,9;13,2;4;2,1
5209;16.12.2024;1467879;410;6303;11,5;13,4;4,6;1,7
5206;15.12.2024;1467469;0;6291;11,6;10;4,6;1,9
5203;14.12.2024;1467469;0;6291;11,6;5,9;4,6;2,1
5200;13.12.2024;1467469;0;6291;11,4;1,7;4,5;2,4
5197;12.12.2024;1467469;0;6291;10,6;-2,9;4;2,4
5194;11.12.2024;1467469;0;6291;11;-5;4,3;2,5
5191;10.12.2024;1467469;0;6291;10,2;-6,9;4;2,7
5188;09.12.2024;1467469;360;6291;9,3;-7,6;3,7;2,3
5185;08.12.2024;1467109;0;6291;9,2;-5;3,6;2,3
5182;07.12.2024;1467109;0;6291;9,3;-2,2;3,7;2,4
5179;06.12.2024;1467109;0;6291;9,7;0,7;4;2,3
5176;05.12.2024;1467109;0;6291;9,8;3;4,4;2,6
5173;04.12.2024;1467109;0;6291;9,6;4,6;4,3;3
5170;03.12.2024;1467109;0;6291;9,9;8;4,5;2,6
5167;02.12.2024;1467109;382;6291;10,7;10,3;5;2,8
5164;01.12.2024;1466727;0;6286;10,7;10,2;5;2,5
5161;30.11.2024;1466727;0;6286;10,6;9,3;5;2,3
5158;29.11.2024;1466727;0;6286;11;8;5;2,4
5155;28.11.2024;1466727;0;6286;10,6;6,7;4,9;2,5
5152;27.11.2024;1466727;0;6286;10,1;4,8;4,8;2,9
5149;26.11.2024;1466727;0;6286;10,3;4,6;4,9;2,4
5146;25.11.2024;1466727;363;6286;9,5;4;4,3;2,8
5143;24.11.2024;1466364;0;6282;9,5;5,1;4,3;2,9
5140;23.11.2024;1466364;0;6282;9,5;5,9;4,3;3,1
5137;22.11.2024;1466364;0;6282;9,4;6,3;4,1;2,8
5134;21.11.2024;1466364;0;6282;9,7;6,9;4;3,1
5131;20.11.2024;1466364;0;6282;9;5,9;3,7;2,6
5128;19.11.2024;1466364;0;6282;9,2;4,5;3,7;3
5125;18.11.2024;1466364;338;6282;9,4;0,1;3,9;3,7
5122;17.11.2024;1466026;0;6276;9,5;-4,7;4;3,7
5119;16.11.2024;1466026;0;6276;9,5;-9,2;4;3,7
5116;15.11.2024;1466026;0;6276;9;-12,8;3,8;3,3
5113;14.11.2024;1466026;0;6276;9,3;-17,2;3,9;3
5110;13.11.2024;1466026;0;6276;8,9;-21,1;3,7;3,4
5107;12.11.2024;1466026;0;6276;8,6;-24,1;3,8;3,9
5104;11.11.2024;1466026;310;6276;8,5;-25,3;3,3;3,8
5101;10.11.2024;1465716;0;6265;8,5;-25,1;3,3;4,1
5098;09.11.2024;1465716;0;6265;8,5;-23,8;3,3;3,8
5095;08.11.2024;1465716;0;6265;8,5;-22;3,5;4
5092;07.11.2024;1465716;0;6265;8,7;-17,7;3,7;4,3
5089;06.11.2024;1465716;0;6265;9,5;-12;4,2;4,1
5086;05.11.2024;1465716;0;6265;10,6;-6,7;4,8;4,2
5083;04.11.2024;1465716;415;6265;10,8;-1,2;5,3;3,7
5080;03.11.2024;1465301;0;6255;10,9;2,9;5,3;2,6
5077;02.11.2024;1465301;0;6255;10,9;7,6;5,3;3
5074;01.11.2024;1465301;0;6255;12,3;13,1;5,8;3,5
5071;31.10.2024;1465301;0;6255;12,6;16,3;6,2;4
5068;30.10.2024;1465301;0;6255;13,4;18,5;6,4;3,3
5065;29.10.2024;1465301;0;6255;13,5;20;6,6;3,7
5062;28.10.2024;1465301;514;6255;13,4;19,6;6,6;4
5059;27.10.2024;1464787;0;6243;13,4;19,2;6,6;4,1
5056;26.10.2024;1464787;0;6243;13,6;17,3;6,6;3,9
5053;25.10.2024;1464787;0;6243;12,4;13,5;6;4,6
5050;24.10.2024;1464787;0;6243;11,6;10;5,1;4,1
5047;23.10.2024;1464787;0;6243;11,3;11,3;4,9;4,1
5044;22.10.2024;1464787;0;6243;10,4;12,3;4,3;4,2
5041;21.10.2024;1464787;338;6243;11;16,5;4,5;3,3
5038;20.10.2024;1464449;0;6234;10,8;19,7;4,4;3,4
5035;19.10.2024;1464449;0;6234;10,7;22,2;4,4;3,4
5032;18.10.2024;1464449;0;6234;10,5;24;4,2;2,9
5029;17.10.2024;1464449;393;6234;10,6;26,4;4,3;2,7
5026;16.10.2024;1464056;0;6232;9,8;23,8;4;2,8
5023;15.10.2024;1464056;;6232;10;22,2;4,1;2,2
5020;14.10.2024;;;;9,5;19,6;4,1;2,8
5017;13.10.2024;;;;9,5;17,1;4,1;2,8
5014;12.10.2024;;;;9,5;13,5;4,1;2,7
5011;11.10.2024;;;;10,1;8,9;4,4;2,6
5008;10.10.2024;;;;8,4;2;3,8;2,4
5005;09.10.2024;1464056;0;6232;8,4;-0,8;3,7;2
5002;08.10.2024;1464056;0;6232;7,8;-3;3,3;2,1
4999;07.10.2024;1464056;266;6232;7,1;-4,4;2,5;2,2
4996;06.10.2024;1463790;0;6229;7,2;-2,8;2,5;1,4
4993;05.10.2024;1463790;0;6229;7,2;-1,5;2,5;1,2
4990;04.10.2024;1463790;0;6229;6,7;-0,3;2,3;1,1
4987;03.10.2024;1463790;0;6229;7,8;3,3;2,5;0,9
4984;02.10.2024;1463790;0;6229;8;4,5;2,6;1,4
4981;01.10.2024;1463790;0;6229;7,6;4,5;2,2;1,5
4978;30.09.2024;1463790;278;6229;7,7;7,3;2,4;1,4
4975;29.09.2024;1463512;0;6222;7,7;10,7;2,4;0,9
4972;28.09.2024;1463512;0;6222;7,7;13,7;2,4;1,1
4969;27.09.2024;1463512;0;6222;7,5;16,1;2,1;1,3
4966;26.09.2024;1463512;0;6222;7,8;18,1;2,3;1,2
4963;25.09.2024;1463512;0;6222;7,5;18,5;2,1;1,2
4960;24.09.2024;1463512;0;6222;7,8;20,5;2,6;0,9
4957;23.09.2024;1463512;301;6222;7,4;18,4;2,2;0,8
4954;22.09.2024;1463211;0;6220;7,5;15,2;2,3;0,8
4951;21.09.2024;1463211;0;6220;7,5;11,1;2,4;0,6
4948;20.09.2024;1463211;0;6220;7,2;6,2;2,5;0,8
4945;19.09.2024;1463211;0;6220;7;1,7;2,5;0,6
4942;18.09.2024;1463211;0;6220;7,1;-0,8;2,6;0,7
4939;17.09.2024;1463211;0;6220;6,3;-4,8;2,1;1,2
4936;16.09.2024;1463211;204;6220;6;-5;1,9;1,4
4933;15.09.2024;1463007;0;6217;5,8;-3,6;1,8;1,1
4930;14.09.2024;1463007;0;6217;5,8;-1,9;1,8;1,1
4927;13.09.2024;1463007;0;6217;6;-0,1;1,7;0,9
4924;12.09.2024;1463007;0;6217;6;3;1,6;1,2
4921;11.09.2024;1463007;0;6217;5,5;6,5;1,6;1,1
4918;10.09.2024;1463007;0;6217;6,1;11,7;1,8;1,7
4915;09.09.2024;1463007;241;6217;6,6;15,6;2,2;1,6
4912;08.09.2024;1462766;0;6211;6,5;18,7;2,2;1,7
4909;07.09.2024;1462766;0;6211;6,4;21,1;2,2;1,4
4906;06.09.2024;1462766;0;6211;6,6;22,5;2,1;1,4
4903;05.09.2024;1462766;0;6211;6,2;21,4;2;1,1
4900;04.09.2024;1462766;0;6211;6,4;19,9;2;0,9
4897;03.09.2024;1462766;0;6211;6,1;16,2;1,7;0,9
4894;02.09.2024;1462766;199;6211;5,9;12,5;1,7;0,9
4891;01.09.2024;1462567;0;6209;5,9;7;1,7;1,2
4888;31.08.2024;1462567;0;6209;5,9;0,3;1,7;1,9
4885;30.08.2024;1462567;0;6209;5,4;-5,7;1,7;2,1
4882;29.08.2024;1462567;0;6209;5,2;-10,9;1,7;2,1
4879;28.08.2024;1462567;0;6209;5,2;-13,9;1,8;2,5
4876;27.08.2024;1462567;0;6209;5;-15,5;1,8;2,5
4873;26.08.2024;1462567;180;6209;4,5;-15,1;1,7;2,6
4870;25.08.2024;1462387;0;6207;4,5;-13,2;1,7;2,5
4867;24.08.2024;1462387;0;6207;4,6;-10,2;1,7;2,3
4864;23.08.2024;1462387;0;6207;4,8;-7,1;1,5;2,5
4861;22.08.2024;1462387;0;6207;5;-1,8;1,5;1,4
4858;21.08.2024;1462387;0;6207;5;2,5;1,3;1,2
4855;20.08.2024;1462387;0;6207;5,2;6,7;1,4;1,1
4852;19.08.2024;1462387;203;6207;5,5;10,5;1,4;0,9
4849;18.08.2024;1462184;0;6206;5,8;11,2;1,4;0,8
4846;17.08.2024;1462184;0;6206;5,7;10,8;1,4;0,6
4843;16.08.2024;1462184;0;6206;6,2;10,5;1,7;0,6
4840;15.08.2024;1462184;0;6206;6,1;6,2;1,7;0,6
4837;14.08.2024;1462184;0;6206;5,9;1,6;1,7;0,8
4834;13.08.2024;1462184;0;6206;5,7;-2,1;1,5;0,6
4831;12.08.2024;1462184;201;6206;5,7;-5,8;1,5;0,6
4828;11.08.2024;1461983;0;6202;5,5;-6,4;1,5;0,9
4825;10.08.2024;1461983;0;6202;5,5;-7,7;1,5;0,8
4822;09.08.2024;1461983;0;6202;4,8;-8,9;1,2;0,5
4819;08.08.2024;1461983;0;6202;4,9;-7,2;1,2;0,8
4816;07.08.2024;1461983;0;6202;5;-5;1,1;0,3
4813;06.08.2024;1461983;0;6202;5;-2,1;1,2;1,1
4810;05.08.2024;1461983;188;6202;5,4;0,2;1,3;1,1
4807;04.08.2024;1461795;0;6200;5,4;-1,3;1,3;1,4
4804;03.08.2024;1461795;0;6200;5,4;-1,4;1,3;1,4
4801;02.08.2024;1461795;0;6200;5,7;-1,3;1,4;1,5
4798;01.08.2024;1461795;0;6200;5,8;-2,1;1,4;1,4
4795;31.07.2024;1461795;0;6200;5,8;-3,5;1,5;1,4
4792;30.07.2024;1461795;0;6200;6,1;-5,3;1,7;1,5
4789;29.07.2024;1461795;207;6200;5,3;-6,3;1,4;1,2
4786;28.07.2024;1461588;0;6197;5,7;-3,2;1,5;1,2
4783;27.07.2024;1461588;0;6197;5,7;-1,4;1,5;1,3
4780;26.07.2024;1461588;0;6197;5,6;0,2;1,6;1,5
4777;25.07.2024;1461588;0;6197;5,5;2,2;1,7;1,3
4774;24.07.2024;1461588;0;6197;5,2;5,3;1,5;1,3
4771;23.07.2024;1461588;0;6197;5,5;11,4;1,5;1,1
4768;22.07.2024;1461588;;6197;6,2;16,4;2;1
4765;21.07.2024;;;;6;20,2;1,9;0,9
4762;20.07.2024;1461376;0;6196;6;24,8;1,9;0,8
4759;19.07.2024;1461376;0;6196;6;28,6;1,9;0,6
4756;18.07.2024;1461376;0;6196;6;31,3;2,1;0,9
4753;17.07.2024;1461376;0;6196;6,3;33,1;2,1;0,8
4750;16.07.2024;1461376;0;6196;5,8;30;1,9;0,8
4747;15.07.2024;1461376;219;6196;5,4;28,3;1,7;1
4744;14.07.2024;1461157;0;6196;5,4;24,9;1,7;1,1
4741;13.07.2024;1461157;0;6196;5,4;19,6;1,7;1,1
4738;12.07.2024;1461157;0;6196;5,2;12,8;1,6;1,1
4735;11.07.2024;1461157;0;6196;5,1;6,8;1,4;0,9
4732;10.07.2024;1461157;0;6196;4,5;2;1,4;1
4729;09.07.2024;1461157;0;6196;4,6;1,4;1,6;1
4726;08.07.2024;1461157;163;6196;4;2,1;1,3;0,8
4723;07.07.2024;1460994;0;6196;3,9;11,1;1,3;0,9
4720;06.07.2024;1460994;0;6196;3,9;20,6;1,3;1
4717;05.07.2024;1460994;0;6196;3,8;30;1,3;1
4714;04.07.2024;1460994;0;6196;3,7;41,4;1,2;1
4711;03.07.2024;1460994;0;6196;3,9;57,3;1,3;0,9
4708;02.07.2024;1460994;0;6196;3,8;74,5;1,2;1,1
4705;01.07.2024;1460994;134;6196;4,2;99,6;1,8;1
4702;30.06.2024;1460860;0;6196;4,3;123,4;1,8;0,9
4699;29.06.2024;1460860;0;6196;4,3;146,9;1,8;0,9
4696;28.06.2024;1460860;0;6196;4,1;166;1,7;0,9
4693;27.06.2024;1460860;0;6196;4;178,9;1,6;0,8
4690;26.06.2024;1460860;0;6196;3,6;161,3;1,4;0,9
4687;25.06.2024;1460860;0;6196;3,2;120,3;1,1;1
4684;24.06.2024;1460860;118;6196;2;71,3;0,5;0,9
4681;23.06.2024;1460742;0;6196;2;55,1;0,5;0,8
4678;22.06.2024;1460742;0;6196;2;33;0,5;0,9
4675;21.06.2024;1460742;0;6196;1,7;8,2;0,4;0,8
4672;20.06.2024;1460742;0;6196;1,4;-9,3;0,3;0,8
4669;19.06.2024;1460742;0;6196;1,3;-15,1;0,3;0,5
4666;18.06.2024;1460742;0;6196;1;-14,6;0,4;0,5
4663;17.06.2024;1460742;31;6196;0,8;-10,6;0,2;0,5
4660;16.06.2024;1460711;0;6195;0,8;-4,8;0,2;0,3
4657;15.06.2024;1460711;0;6195;0,8;1,4;0,2;0,3
4654;14.06.2024;1460711;0;6195;0,8;8,5;0,1;0,3
4651;13.06.2024;1460711;0;6195;1,1;20,4;0,2;0,3
4648;12.06.2024;1460711;0;6195;1,1;24,5;0,4;0,3
4645;11.06.2024;1460711;0;6195;1,3;18,5;0,3;0,1
4642;10.06.2024;1460711;49;6195;1,3;3,9;0,3;0,1
4639;09.06.2024;1460662;0;6195;1,3;-3,6;0,3;0,1
4636;08.06.2024;1460662;0;6195;1,3;-10,3;0,3;0,1
4633;07.06.2024;1460662;0;6195;1,3;-16,8;0,4;0,1
4630;06.06.2024;1460662;0;6195;1,1;-23,8;0,3;0,1
4627;05.06.2024;1460662;0;6195;0,9;-25;0,2;0,1
4624;04.06.2024;1460662;0;6195;0,9;-18,4;0,3;0,1
4621;03.06.2024;1460662;35;6195;0,9;-7,7;0,3;0,1
4618;02.06.2024;1460627;0;6194;0,9;-3,9;0,3;0,1
4615;01.06.2024;1460627;0;6194;0,9;0,5;0,3;0,1
4612;31.05.2024;1460627;0;6194;0,8;6,5;0,3;0,1
4609;30.05.2024;1460627;0;6194;1;13;0,3;0,3
4606;29.05.2024;1460627;0;6194;1,3;22,7;0,4;0,3
4603;28.05.2024;1460627;0;6194;1,5;25;0,4;0,4
4600;27.05.2024;1460627;43;6194;1,3;19,8;0,4;0,4
4597;26.05.2024;1460584;0;6194;1,3;19,9;0,4;0,1
4594;25.05.2024;1460584;0;6194;1,3;16,8;0,4;0,3
4591;24.05.2024;1460584;0;6194;1,4;11,2;0,5;0,3
4588;23.05.2024;1460584;0;6194;1,3;7,1;0,5;0,3
4585;22.05.2024;1460584;0;6194;1;-0,7;0,4;0,4
4582;21.05.2024;1460584;40;6194;0,7;-0,6;0,3;0,3
4579;20.05.2024;1460544;0;6191;1,1;5,5;0,4;0,3
4576;19.05.2024;1460544;0;6191;1,1;6,5;0,4;0,3
4573;18.05.2024;1460544;0;6191;1;8,6;0,4;0,3
4570;17.05.2024;1460544;0;6191;1,2;11,3;0,4;0,3
4567;16.05.2024;1460544;0;6191;1;8,9;0,3;0,4
4564;15.05.2024;1460544;0;6191;1;14,6;0,3;0,4
4561;14.05.2024;1460544;0;6191;1;17,2;0,2;0,3
4558;13.05.2024;1460544;29;6191;1;22,2;0,2;0,4
4555;12.05.2024;1460515;0;6191;1;32,9;0,2;0,4
4552;11.05.2024;1460515;0;6191;1;40,1;0,2;0,4
4549;10.05.2024;1460515;0;6191;0,8;45,6;0,2;0,4
4546;09.05.2024;1460515;0;6191;1,1;60,7;0,3;0,3
4543;08.05.2024;1460515;0;6191;1;58,2;0,3;0,3
4540;07.05.2024;1460515;0;6191;1;59,9;0,4;0,3
4537;06.05.2024;1460515;37;6191;0,9;53,2;0,2;0,3
4534;05.05.2024;1460478;0;6191;0,8;43;0,2;0,1
4531;04.05.2024;1460478;0;6191;0,8;33,7;0,2;0,1
4528;03.05.2024;1460478;0;6191;0,8;21,2;0,2;0,1
4525;02.05.2024;1460478;0;6191;0,6;7;0,1;0,2
4522;01.05.2024;1460478;0;6191;0,8;8,7;0,2;0,3
4519;30.04.2024;1460478;0;6191;0,7;-3,1;0,2;0
4516;29.04.2024;1460478;27;6191;0,5;-8,1;0,1;0
4513;28.04.2024;1460451;0;6191;0,5;-6,2;0,1;0,1
4510;27.04.2024;1460451;0;6191;0,5;-4,1;0,1;0,1
4507;26.04.2024;1460451;0;6191;0,4;-1,8;0,1;0,1
4504;25.04.2024;1460451;0;6191;0,6;4,3;0,2;0
4501;24.04.2024;1460451;0;6191;0,4;-5,5;0,2;0,1
4498;23.04.2024;1460451;0;6191;0,5;-10,5;0,2;0
4495;22.04.2024;1460451;21;6191;0,6;-25,3;0,2;0
4492;21.04.2024;1460430;0;6191;0,6;-32,3;0,2;0
4489;20.04.2024;1460430;0;6191;0,6;-35,9;0,2;0,1
4486;19.04.2024;1460430;0;6191;0,6;-37,2;0,1;0
4483;18.04.2024;1460430;0;6191;0,4;-36,1;0,1;0
4480;17.04.2024;1460430;0;6191;0,5;-31,2;0,1;0
4477;16.04.2024;1460430;0;6191;0,5;-25,3;0,1;0
4474;15.04.2024;1460430;18;6191;0,5;-11,4;0,1;0
4471;14.04.2024;1460412;0;6190;0,5;-1,1;0,1;0
4468;13.04.2024;1460412;0;6190;0,5;10,2;0,1;0
4465;12.04.2024;1460412;0;6190;0,5;23,5;0,1;0
4462;11.04.2024;1460412;0;6190;0,7;41,8;0,3;0
4459;10.04.2024;1460412;0;6190;0,8;61,1;0,4;0,1
4456;09.04.2024;1460412;0;6190;1,1;75,9;0,4;0,4
4453;08.04.2024;1460412;34;6190;0,9;59,1;0,4;0,3
4450;07.04.2024;1460378;0;6190;0,9;42,6;0,4;0,3
4447;06.04.2024;1460378;0;6190;0,9;21,4;0,4;0,3
4444;05.04.2024;1460378;0;6190;0,9;-0,2;0,4;0,4
4441;04.04.2024;1460378;0;6190;0,8;-19,6;0,3;0,4
4438;03.04.2024;1460378;0;6190;0,7;-40,4;0,3;0,4
4435;02.04.2024;1460378;20;6190;0,4;-47;0,1;0,3
4432;01.04.2024;1460358;0;6189;0,5;-48,4;0,2;0,3
4429;31.03.2024;1460358;0;6189;0,5;-51,5;0,2;0,3
4426;30.03.2024;1460358;0;6189;0,5;-51;0,2;0,3
4423;29.03.2024;1460358;0;6189;0,5;-48,7;0,2;0,3
4420;28.03.2024;1460358;0;6189;0,4;-43,7;0,1;0,3
4417;27.03.2024;1460358;0;6189;0,5;-34,5;0,1;0,3
4414;26.03.2024;1460358;0;6189;0,7;-26,9;0,2;0,3
4411;25.03.2024;1460358;;6189;0,8;-18,3;0,2;0,5
4408;24.03.2024;;;;0,8;-9,6;0,2;0,4
4405;23.03.2024;;;;0,8;-0,1;0,2;0,4
4402;22.03.2024;;;;0,9;10,5;0,3;0,5
4399;21.03.2024;1460331;;6186;1,2;18;0,5;0,3
4396;20.03.2024;;;;1,1;18,8;0,4;0,3
4393;19.03.2024;;;;1,3;19,7;0,6;0,4
4390;18.03.2024;;;;1,5;17,2;0,7;0,5
4387;17.03.2024;;;;1,5;9,8;0,7;0,6
4384;16.03.2024;;;;1,5;1,7;0,7;0,6
4381;15.03.2024;;;;1,3;-5,9;0,6;0,6
4378;14.03.2024;;;;1,1;-11,1;0,5;0,6
4375;13.03.2024;;;;1,2;-11,8;0,5;0,8
4372;12.03.2024;;;;1;-13,5;0,5;0,6
4369;11.03.2024;;;;0,9;-14;0,4;0,8
4366;10.03.2024;;;;0,9;-18,7;0,4;0,5
4363;09.03.2024;;;;1;-21,2;0,4;0,5
4360;08.03.2024;;;;1,1;-22;0,4;0,6
4357;07.03.2024;;;;1,2;-27,8;0,4;0,3
4354;06.03.2024;1460248;0;6183;1,3;-33,6;0,4;0,3
4351;05.03.2024;1460248;0;6183;1,3;-35,7;0,3;0,5
4348;04.03.2024;1460248;47;6183;1,2;-37,3;0,3;0,4
4345;03.03.2024;1460201;0;6181;1,2;-36,6;0,3;0,3
4342;02.03.2024;1460201;0;6181;1,2;-34,9;0,3;0,4
4339;01.03.2024;1460201;0;6181;1,3;-32;0,4;0,6
4336;29.02.2024;1460201;0;6181;1,2;-28,8;0,4;0,9
4333;28.02.2024;1460201;0;6181;1,3;-24,3;0,4;0,8
4330;27.02.2024;1460201;0;6181;1,4;-23,1;0,4;0,8
4327;26.02.2024;1460201;51;6181;1,8;-21,6;0,7;0,9
4324;25.02.2024;1460150;;6179;1,8;-22,2;0,7;1
4321;24.02.2024;;;;1,8;-21,3;0,7;0,9
4318;23.02.2024;;;;2,1;-19,2;0,9;0,9
4315;22.02.2024;;;;2,4;-20,5;1,1;0,9
4312;21.02.2024;;;;2,2;-23,8;1;0,9
4309;20.02.2024;;;;2,4;-24,4;1,2;1,4
4306;19.02.2024;;;;2,4;-24,5;1,2;1,4
4303;18.02.2024;;;;2,4;-24,9;1,2;1,1
4300;17.02.2024;;;;2,4;-24,8;1,2;1,3
4297;16.02.2024;;;;2,4;-23,5;1,2;1,1
4294;15.02.2024;;;;2,4;-19;1,2;1
4291;14.02.2024;;;;2,9;-14,1;1,3;1,1
4288;13.02.2024;;;;3;-12,5;1,3;1,1
4285;12.02.2024;;;;3,1;-14,3;1,4;1,2
4282;11.02.2024;;;;3,1;-16,6;1,4;1,3
4279;10.02.2024;;;;3,1;-17;1,4;1,1
4276;09.02.2024;;;;3,4;-16,4;1,8;1,3
4273;08.02.2024;;;;3,8;-18,8;2;1,5
4270;07.02.2024;;;;3,7;-22;2,1;1,7
4267;06.02.2024;;;;3,7;-25,3;2,1;1,5
4264;05.02.2024;;;;4;-26,9;2,3;2,4
4261;04.02.2024;;;;4,1;-29,2;2,4;2,8
4258;03.02.2024;;;;4,1;-30,2;2,4;2,9
4255;02.02.2024;;;;3,6;-30;1,9;2,7
4252;01.02.2024;;;;3,6;-27,7;1,7;2,8
4249;31.01.2024;;;;3,9;-24,8;1,5;2,7
4246;30.01.2024;;;;4,6;-22,2;1,7;2,7
4243;29.01.2024;;;;4,9;-21,8;1,8;2,7
4240;28.01.2024;1459616;0;6150;4,8;-22;1,8;2,8
4237;27.01.2024;1459616;0;6150;4,9;-20,7;1,8;2,8
4234;26.01.2024;1459616;0;6150;5,5;-18,1;2;2,4
4231;25.01.2024;1459616;0;6150;5,8;-18;2,5;3,1
4228;24.01.2024;1459616;0;6150;6,3;-19,8;3;3,2
4225;23.01.2024;1459616;0;6150;6,3;-24,6;3,1;3,6
4222;22.01.2024;1459616;257;6150;6,8;-35,3;2,9;3,8
4219;21.01.2024;1459359;0;6134;6,9;-37,5;3;4,3
4216;20.01.2024;1459359;0;6134;6,9;-37,6;3;4,7
4213;19.01.2024;1459359;0;6134;6,9;-36,2;2,9;4,8
4210;18.01.2024;1459359;0;6134;7,1;-35,9;2,8;4,8
4207;17.01.2024;1459359;0;6134;7,3;-36,9;3;4,3
4204;16.01.2024;1459359;0;6134;7,8;-46,4;3,1;4,8
4201;15.01.2024;1459359;286;6134;8,2;-44,9;3,4;4,6
4198;14.01.2024;1459073;0;6111;8,2;-42,4;3,4;5,7
4195;13.01.2024;1459073;0;6111;8,1;-38,8;3,3;5,2
4192;12.01.2024;1459073;0;6111;8,9;-34,3;3,5;5,1
4189;11.01.2024;1459073;0;6111;9,9;-30,7;3,5;5
4186;10.01.2024;1459073;0;6111;11,6;-27,4;4,2;5,2
4183;09.01.2024;1459073;0;6111;15,7;-19,1;6,3;5,5
4180;08.01.2024;1459073;382;6111;13,4;-22,2;5,4;6,4
4177;07.01.2024;1458691;0;6075;13,4;-32,8;5,4;6,7
4174;06.01.2024;1458691;0;6075;13,4;-38,5;5,4;7,4
4171;05.01.2024;1458691;0;6075;15;-40,1;6,3;7,8
4168;04.01.2024;1458691;0;6075;17;-40,8;7,6;8,6
4165;03.01.2024;1458691;0;6075;26,2;-42,9;11,9;8,5
4162;02.01.2024;1458691;193;6075;20,6;-47,5;9,1;9,1
4159;01.01.2024;1458498;0;6058;20,6;-47,4;9,1;9,8
4156;31.12.2023;1458498;0;6058;20,6;-44,7;9,1;11
4153;30.12.2023;1458498;0;6058;20,6;-41,2;9,2;11,1
4150;29.12.2023;1458498;1882;6058;21,9;-36,9;9,5;10
4147;28.12.2023;1456616;0;6020;22,7;-33,6;9,5;10,9
4144;27.12.2023;1456616;0;6020;16,5;-28,5;6,2;10,1
4141;26.12.2023;1456616;0;6020;26;-21;9,9;10,7
4138;25.12.2023;1456616;0;6020;40,3;-14,8;15,4;10,6
4135;24.12.2023;1456616;0;6020;40,3;-11,7;15,4;10,9
4132;23.12.2023;1456616;0;6020;40,2;-8,1;15,4;10,3
4129;22.12.2023;1456616;0;6020;42,1;-4;16;10,2
4126;21.12.2023;1456616;0;6020;47,9;2,3;18,2;10,5
4123;20.12.2023;1456616;0;6020;53,1;6,7;18,7;11,8
4120;19.12.2023;1456616;0;6020;53,7;10,8;18,5;13,7
4117;18.12.2023;1456616;1979;6020;51,5;14,9;17,4;13
4114;17.12.2023;1454637;0;5989;51,5;19,7;17,4;13,4
4111;16.12.2023;1454637;0;5989;51,5;24,1;17,4;13,6
4108;15.12.2023;1454637;0;5989;55,5;28;18,7;14,6
4105;14.12.2023;1454637;0;5989;52,3;27,8;17,8;13,5
4102;13.12.2023;1454637;0;5989;53,8;29,3;19,2;13,2
4099;12.12.2023;1454637;0;5989;53,4;28,2;20,2;13,5
4096;11.12.2023;1454637;1870;5989;50,8;24,6;19,4;12,7
4093;10.12.2023;1452767;0;5977;50,8;20,6;19,4;13,4
4090;09.12.2023;1452767;0;5977;50,8;15;19,4;12,5
4087;08.12.2023;1452767;0;5977;45,3;8;17,5;13
4084;07.12.2023;1452767;0;5977;44,7;4,6;16,6;11,9
4081;06.12.2023;1452767;0;5977;39,5;0,3;14,4;10,6
4078;05.12.2023;1452767;0;5977;37,4;-0,2;12,6;11,3
4075;04.12.2023;1452767;1327;5977;37;1,9;12,4;10
4072;03.12.2023;1451440;0;5960;37;4,2;12,4;9,5
4069;02.12.2023;1451440;0;5960;37;6,2;12,4;8,9
4066;01.12.2023;1451440;0;5960;38;7,7;12,9;9,4
4063;30.11.2023;1451440;0;5960;36,1;8,5;12,6;10,1
4060;29.11.2023;1451440;0;5960;36,1;10,8;12,8;9,5
4057;28.11.2023;1451440;0;5960;37,4;11,3;13,8;8,8
4054;27.11.2023;1451440;1401;5960;38;11,1;13,5;8,8
4051;26.11.2023;1450039;0;5938;38;11,5;13,5;7,7
4048;25.11.2023;1450039;0;5938;38;11,1;13,5;7,3
4045;24.11.2023;1450039;0;5938;36,7;10,1;12,7;7
4042;23.11.2023;1450039;0;5938;38;9,2;13;7,3
4039;22.11.2023;1450039;0;5938;35,9;7,1;12,4;7
4036;21.11.2023;1450039;0;5938;33,3;8,2;11,1;7,7
4033;20.11.2023;1450039;1256;5938;32,6;9,8;11,5;7,9
4030;19.11.2023;1448783;0;5923;32,6;10,6;11,5;8,7
4027;18.11.2023;1448783;0;5923;32,9;10,7;11,6;8,1
4024;17.11.2023;1448783;0;5923;32,4;10,1;11,6;8,6
4021;16.11.2023;1448783;0;5923;31,4;10,1;11,3;8
4018;15.11.2023;1448783;0;5923;33,9;10;11,8;6,5
4015;14.11.2023;1448783;0;5923;33,2;7,7;11,5;6,2
4012;13.11.2023;1448783;1146;5923;30,8;7,1;10,5;6,1
4009;12.11.2023;1447637;0;5905;30,8;9,9;10,5;6,5
4006;11.11.2023;1447637;0;5905;30,5;12,2;10,4;5,9
4003;10.11.2023;1447637;0;5905;30,8;13,9;10,3;6,4
4000;09.11.2023;1447637;0;5905;29,9;15,1;10,2;5,6
3997;08.11.2023;1447637;0;5905;26,3;18,4;9,6;5,9
3994;07.11.2023;1447637;0;5905;27,4;26,5;10,1;5,7
3991;06.11.2023;1447637;1004;5905;28,5;35,4;11,4;5
3988;05.11.2023;1446633;0;5895;28,9;44,5;11,5;5,2
3985;04.11.2023;1446633;0;5895;28,9;51,9;11,5;5
3982;03.11.2023;1446633;0;5895;28,1;57,6;11,6;4,9
3979;02.11.2023;1446633;0;5895;28,5;62;11,6;5,3
3976;01.11.2023;1446633;0;5895;28,2;61,1;11,6;4,9
3973;31.10.2023;1446633;0;5895;25,7;54;10,3;4,2
3970;30.10.2023;1446633;919;5895;22,9;45,6;8,2;3,3
3967;29.10.2023;1445714;0;5877;22,5;39,6;8,1;3,3
3964;28.10.2023;1445714;0;5877;22,5;30,8;8,1;3,7
3961;27.10.2023;1445714;0;5877;21,5;18,8;7,6;3,5
3958;26.10.2023;1445714;0;5877;18,8;8,3;6,7;3,5
3955;25.10.2023;1445714;0;5877;16,8;1,4;5,7;3,2
3952;24.10.2023;1445714;0;5877;14,7;-2,4;5;3
3949;23.10.2023;1445714;517;5877;12,8;0,7;4;2,4
3946;22.10.2023;1445197;0;5868;13;5,9;4;2,4
3943;21.10.2023;1445197;0;5868;13;10,7;4;2,5
3940;20.10.2023;1445197;0;5868;13,1;15,5;3,8;2,3
3937;19.10.2023;1445197;0;5868;13,4;20,2;3,6;2
3934;18.10.2023;1445197;0;5868;14,2;24,4;3,9;2,4
3931;17.10.2023;1445197;0;5868;14,9;27,4;4,2;2,8
3928;16.10.2023;1445197;553;5868;14,6;24,1;4;2,7
3925;15.10.2023;1444644;0;5864;14,4;22,5;4;2,4
3922;14.10.2023;1444644;0;5864;14,4;19,7;4;2,7
3919;13.10.2023;1444644;0;5864;13,6;15,3;4;2,9
3916;12.10.2023;1444644;0;5864;13,8;12,7;4,1;3,1
3913;11.10.2023;1444644;0;5864;13,6;10,5;3,9;3
3910;10.10.2023;1444644;0;5864;10,6;7,3;2,9;2,9
3907;09.10.2023;1444644;406;5864;10,7;8,9;3,5;2,7
3904;08.10.2023;1444238;0;5857;10,7;7,3;3,5;2,5
3901;07.10.2023;1444238;0;5857;10,7;5,6;3,5;2,1
3898;06.10.2023;1444238;0;5857;10,6;3,8;3,1;2,1
3895;05.10.2023;1444238;0;5857;10,6;2,2;2,7;1,7
3892;04.10.2023;1444238;0;5857;10,1;0,9;2,4;1,5
3889;03.10.2023;1444238;0;5857;11,7;0,9;2,9;1,7
3886;02.10.2023;1444238;395;5857;10,5;-3,5;1,9;1,6
3883;01.10.2023;1443843;0;5850;10,5;-5,1;1,9;1,7
3880;30.09.2023;1443843;0;5850;10,5;-6,5;1,9;1,6
3877;29.09.2023;1443843;0;5850;9,9;-7,8;1,6;1,3
3874;28.09.2023;1443843;;5850;8,9;-8,1;1,8;1,6
3871;27.09.2023;;;;8,9;-7,1;2,1;1,8
3868;26.09.2023;1443843;0;5850;9,4;-4,1;2,1;1,4
3865;25.09.2023;1443843;359;5850;10,6;-1,8;2,7;1,5
3862;24.09.2023;1443484;0;5845;10,6;0,7;2,7;1,6
3859;23.09.2023;1443484;0;5845;10,6;2,9;2,7;1,7
3856;22.09.2023;1443484;0;5845;10,6;4,8;2,8;1,4
3853;21.09.2023;1443484;0;5845;10,5;8,3;2,7;1,4
3850;20.09.2023;1443484;0;5845;10,5;12,7;2,6;1,4
3847;19.09.2023;1443484;0;5845;10,8;18,2;2,6;1,6
3844;18.09.2023;1443484;400;5845;10,7;25,6;2,6;1,7
3841;17.09.2023;1443084;;5841;10,7;33;2,6;1,5
3838;16.09.2023;;;;10,7;39,9;2,6;1,6
3835;15.09.2023;;;;10,9;46;2,9;1,6
3832;14.09.2023;;;;11,3;48,7;3,1;1,4
3829;13.09.2023;;;;10,6;48,3;2,8;1,4
3826;12.09.2023;;;;10,8;49,3;3,4;1,6
3823;11.09.2023;;;;9,5;46,7;2,9;1,3
3820;10.09.2023;1442693;0;5839;9,5;48,8;2,9;1,1
3817;09.09.2023;1442693;0;5839;9,5;46,9;2,9;1,2
3814;08.09.2023;1442693;0;5839;8,6;40,1;2,5;0,9
3811;07.09.2023;1442693;0;5839;8,1;33,5;2,1;0,7
3808;06.09.2023;1442693;0;5839;7,4;27,3;2;0,9
3805;05.09.2023;1442693;;5839;6;19,3;1,5;0,7
3802;04.09.2023;;;;5,9;17,9;1,5;0,6
3799;03.09.2023;1442480;;5836;5,9;16;1,5;0,4
3796;02.09.2023;;;;5,9;13,2;1,5;0,2
3793;01.09.2023;;;;6,3;9,5;1,7;0,2
3790;31.08.2023;;;;5,8;7,3;1,6;0,2
3787;30.08.2023;;;;5,3;6,8;1,7;0,6
3784;29.08.2023;;;;5;10,9;1,3;0,7
3781;28.08.2023;;;;4,5;15,4;1,3;0,7
3778;27.08.2023;;;;4,5;24,1;1,3;0,7
3775;26.08.2023;;;;4,5;32,8;1,3;1
3772;25.08.2023;;;;4,8;41,7;1,3;1
3769;24.08.2023;;;;4,5;45,7;1,4;1
3766;23.08.2023;;;;5,1;51,9;1,6;1,1
3763;22.08.2023;;;;4,9;48,2;1,7;1,1
3760;21.08.2023;;;;4,9;40,2;1,8;1,1
3757;20.08.2023;;;;4,9;29,1;1,8;0,9
3754;19.08.2023;;;;4,9;14,2;1,8;0,9
3751;18.08.2023;;;;4;-1;1,5;0,9
3748;17.08.2023;;;;3,9;-7;1,4;0,9
3745;16.08.2023;;;;3,1;-11;1;0,7
3742;15.08.2023;;;;3;-10,1;0,9;0,7
3739;14.08.2023;;;;2,6;-8,5;0,5;0,4
3736;13.08.2023;;;;2,6;-5,5;0,5;0,5
3733;12.08.2023;;;;2,6;-1,3;0,5;0,6
3730;11.08.2023;;;;3,1;3,6;0,7;0,7
3727;10.08.2023;;;;3;7,2;0,9;0,7
3724;09.08.2023;;;;3,3;8,4;1;0,9
3721;08.08.2023;1442008;0;5834;3,6;7,5;1,1;0,9
3718;07.08.2023;1442008;;5834;3,4;7,2;1,1;0,8
3715;06.08.2023;;;;3,5;10;1,1;0,7
3712;05.08.2023;;;;3,5;11;1,1;0,6
3709;04.08.2023;;;;3,3;10,9;1,1;0,6
3706;03.08.2023;1441883;0;5833;3,1;10,8;1;0,4
3703;02.08.2023;1441883;0;5833;3,1;14,7;1;0,5
3700;01.08.2023;1441883;0;5833;3;20,4;1;0,8
3697;31.07.2023;1441883;114;5833;3,2;26,3;1,2;0,7
3694;30.07.2023;1441769;;5832;3,1;29,7;1,2;0,7
3691;29.07.2023;;;;3,1;33,2;1,2;0,7
3688;28.07.2023;1441769;0;5832;2,9;35,4;1,1;0,6
3685;27.07.2023;1441769;0;5832;3,3;40,8;1,3;0,6
3682;26.07.2023;1441769;0;5832;3,3;39;1,2;0,6
3679;25.07.2023;1441769;0;5832;2,9;32,9;1,1;1
3676;24.07.2023;1441769;105;5832;2,5;30,4;0,9;0,8
3673;23.07.2023;1441664;0;5828;2,5;19,6;0,9;0,7
3670;22.07.2023;1441664;0;5828;2,5;8,1;0,9;0,7
3667;21.07.2023;1441664;0;5828;2,7;-2,9;1;0,5
3664;20.07.2023;1441664;0;5828;2,2;-13,6;0,6;0,5
3661;19.07.2023;1441664;0;5828;2;-17,8;0,5;0,5
3658;18.07.2023;1441664;0;5828;2;-20,7;0,5;0,4
3655;17.07.2023;1441664;81;5828;2;-21,9;0,4;0,5
3652;16.07.2023;1441583;0;5826;2;-15,2;0,4;0,4
3649;15.07.2023;1441583;0;5826;2;-9,2;0,4;0,5
3646;14.07.2023;1441583;0;5826;1,8;-3,7;0,2;0,5
3643;13.07.2023;1441583;0;5826;1,7;0,6;0,3;0,3
3640;12.07.2023;1441583;0;5826;1,7;4,7;0,3;0,2
3637;11.07.2023;1441583;;5826;1,6;11,8;0,4;0,2
3634;10.07.2023;;;;2,6;18,8;0,4;0,2
3631;09.07.2023;1441547;0;5824;2,6;-2,7;0,4;0,2
3628;08.07.2023;1441547;0;5824;2,6;-20;0,4;0,2
3625;07.07.2023;1441547;0;5824;2,6;-31,6;0,4;0,2
3622;06.07.2023;1441547;0;5824;2,5;-41,4;0,3;0,2
3619;05.07.2023;1441547;0;5824;2,7;-46,8;0,4;0,2
3616;04.07.2023;1441547;0;5824;2,6;-49,6;0,4;0,1
3613;03.07.2023;1441547;61;5824;1,7;-49,6;0,5;0,3
3610;02.07.2023;1441486;0;5818;1,7;-42,7;0,5;0,6
3607;01.07.2023;1441486;0;5818;1,7;-36;0,5;0,5
3604;30.06.2023;1441486;0;5818;2;-29,1;0,7;0,5
3601;29.06.2023;1441486;0;5818;2,2;-21,3;0,7;0,3
3598;28.06.2023;1441486;0;5818;2;-13,4;0,6;0,4
3595;27.06.2023;1441486;0;5818;2,3;-5;0,8;0,4
3592;26.06.2023;1441486;97;5818;4,1;5,4;1,2;0,5
3589;25.06.2023;1441389;0;5817;4,1;8,8;1,2;0,7
3586;24.06.2023;1441389;0;5817;4,1;12,5;1,2;0,7
3583;23.06.2023;1441389;0;5817;4,7;16,5;1,6;0,9
3580;22.06.2023;1441389;0;5817;5;18,6;2;1
3577;21.06.2023;1441389;0;5817;5,1;16,8;2,1;1,1
3574;20.06.2023;1441389;0;5817;5,2;13,1;2,1;0,9
3571;19.06.2023;1441389;168;5817;4,2;1,7;1,8;0,8
3568;18.06.2023;1441221;0;5816;4,2;2,3;1,8;0,9
3565;17.06.2023;1441221;0;5816;4,2;2,6;1,8;1
3562;16.06.2023;1441221;0;5816;3,9;2,4;1,5;1,2
3559;15.06.2023;1441221;0;5816;3,8;0,7;1,4;0,9
3556;14.06.2023;1441221;0;5816;4,2;0,7;1,4;1,3
3553;13.06.2023;1441221;0;5816;4;-3,3;1,3;1,2
3550;12.06.2023;1441221;146;5816;3,9;-6,1;1,3;1
3547;11.06.2023;1441075;0;5813;3,9;-20,1;1,3;0,9
3544;10.06.2023;1441075;0;5813;3,9;-29,6;1,3;0,9
3541;09.06.2023;1441075;0;5813;3,6;-35,2;1;0,8
3538;08.06.2023;1441075;0;5813;3,7;-37,7;1;0,7
3535;07.06.2023;1441075;0;5813;3,6;-36,6;1,1;0,7
3532;06.06.2023;1441075;0;5813;4,8;-35,2;1,6;0,8
3529;05.06.2023;1441075;30;5813;3,7;-35,7;1,2;1,2
3526;04.06.2023;1441045;0;5811;3,7;-32,1;1,2;1
3523;03.06.2023;1441045;0;5811;3,7;-27,9;1,2;1,2
3520;02.06.2023;1441045;17;5811;4,2;-22,9;1,5;1,3
3517;01.06.2023;1441028;30;5811;4;-19,7;1,4;1,3
3514;31.05.2023;1440998;37;5810;4,4;-19,2;1,5;1,5
3511;30.05.2023;1440961;;5809;4,4;-19,6;1,4;1,7
3508;29.05.2023;;;;7,1;-19,4;2,5;1,6
3505;28.05.2023;1440894;;5804;7,1;-24,2;2,5;1,9
3502;27.05.2023;;;;7,1;-26,9;2,5;2
3499;26.05.2023;1440894;27;5804;7,5;-28;2,4;1,7
3496;25.05.2023;1440867;;5803;6,9;-28,1;2,2;1,8
3493;24.05.2023;;;;7,3;-27,7;2,4;1,9
3490;23.05.2023;1440799;65;5798;7,4;-26,3;2,5;2,2
3487;22.05.2023;1440734;93;5797;7,1;-25,2;2,3;2,1
3484;21.05.2023;1440641;0;5796;7,1;-18,7;2,3;2,9
3481;20.05.2023;1440641;0;5796;7;-11,9;2,3;3
3478;19.05.2023;1440641;77;5796;7,6;-4,5;2,6;2,9
3475;18.05.2023;1440564;0;5796;9,4;3,7;2,8;2,4
3472;17.05.2023;1440564;46;5796;10,1;10;2,8;2,2
3469;16.05.2023;1440518;61;5794;10,7;13,5;3,2;1,9
3466;15.05.2023;1440457;86;5791;11,2;14,6;3,3;2,3
3463;14.05.2023;1440371;0;5792;11,2;8;3,3;2,3
3460;13.05.2023;1440371;0;5792;11,2;1,4;3,3;2
3457;12.05.2023;1440371;56;5792;11,1;-4,5;3,4;2,1
3454;11.05.2023;1440315;73;5777;11,9;-10,9;4,2;2,4
3451;10.05.2023;1440242;100;5766;11,6;-18,6;4,2;2,4
3448;09.05.2023;1440142;73;5760;12,2;-24,8;4,5;2,4
3445;08.05.2023;1440069;100;5747;9,5;-31,9;3,4;2,5
3442;07.05.2023;1439969;0;5746;9,5;-36;3,4;2,9
3439;06.05.2023;1439969;0;5746;9,5;-37,2;3,4;3
3436;05.05.2023;1439969;63;5746;9,1;-36,5;3,2;3,3
3433;04.05.2023;1439906;107;5742;8,7;-35,1;2,8;3,7
3430;03.05.2023;1439799;64;5737;9,5;-33,7;3,1;4,2
3427;02.05.2023;1439735;119;5734;10;-32,5;3;4,7
3424;01.05.2023;1439616;0;5735;12,8;-32,4;4,2;4,9
3421;30.04.2023;1439616;0;5735;13;-28,4;4,3;5
3418;29.04.2023;1439616;0;5735;13;-24,2;4,3;5,1
3415;28.04.2023;1439616;56;5735;13,8;-19,6;4,6;5,3
3412;27.04.2023;1439560;88;5727;14,7;-12,7;4,9;5,5
3409;26.04.2023;1439472;;5723;15,4;-6,5;5,2;5,7
3406;25.04.2023;;;;17,3;-0,4;5,9;5,6
3403;24.04.2023;1439234;;5712;19,6;6,2;6,6;5,8
3400;23.04.2023;;;;19,4;3,5;6,6;5,5
3397;22.04.2023;1439118;0;5703;19,4;1,5;6,6;5,4
3394;21.04.2023;1439118;94;5703;20,3;0,2;6,6;5,2
3391;20.04.2023;1439024;;5697;22;-4,5;7,1;5,2
3388;19.04.2023;;;;23,2;-9,9;7,7;5,4
3385;18.04.2023;1438758;196;5688;25,9;-16,3;9,7;5,9
3382;17.04.2023;1438562;151;5679;20,9;-24,3;7,8;5,6
3379;16.04.2023;1438411;0;5674;20,9;-28,9;7,8;5,8
3376;15.04.2023;1438411;135;5674;20,9;-31,3;7,8;5,6
3373;14.04.2023;1438276;174;5674;18,1;-32,1;6,9;5,9
3370;13.04.2023;1438102;229;5671;18,4;-32,5;7,1;6,3
3367;12.04.2023;1437873;;5667;18,7;-33,2;7;6,6
3364;11.04.2023;;;;16,8;-33,2;4,8;6,1
3361;10.04.2023;;;;24,1;-32,4;7,8;6,4
3358;09.04.2023;;;;24,1;-34,4;7,8;6,8
3355;08.04.2023;;;;24,1;-34,2;7,8;6,2
3352;07.04.2023;1437595;155;5666;27,3;-32,4;8,8;6,2
3349;06.04.2023;1437440;;5662;27,5;-31;8,6;5,6
3346;05.04.2023;;;;28,8;-29;9,4;6
3343;04.04.2023;;;;30,6;-26,2;9,4;5,6
3340;03.04.2023;1436960;236;5662;33,9;-23,3;9,9;5,4
3337;02.04.2023;1436724;0;5662;34,1;-20,6;10;6
3334;01.04.2023;1436724;0;5662;34,2;-17,3;10;5,8
3331;31.03.2023;1436724;135;5662;38,3;-13,4;10,8;6,4
3328;30.03.2023;1436589;205;5656;41,8;-10,2;11,6;6,7
3325;29.03.2023;1436384;216;5653;44;-9,1;11,9;6,4
3322;28.03.2023;1436168;324;5650;47,7;-5;14,4;6,1
3319;27.03.2023;1435844;400;5645;51,7;-0,9;15,9;7,2
3316;26.03.2023;1435444;227;5619;51,4;3,3;15,8;7,1
3313;25.03.2023;1435217;0;5618;51,4;7,2;15,8;7
3310;24.03.2023;1435217;0;5618;52,8;11,1;16,6;6,6
3307;23.03.2023;1435217;304;5618;53,8;16;16,9;7,5
3304;22.03.2023;1434913;282;5610;53,4;22;16,3;8
3301;21.03.2023;1434631;495;5605;54;20,7;14,9;7,5
3298;20.03.2023;1434136;480;5601;53,6;14;14,1;6,4
3295;19.03.2023;1433656;339;5594;53,8;2,5;14,3;6,5
3292;18.03.2023;1433317;0;5592;54,4;-7,6;14,5;5,9
3289;17.03.2023;1433317;0;5592;54,8;-15,8;14,3;5,5
3286;16.03.2023;1433317;717;5592;59;-24,7;15,7;5,2
3283;15.03.2023;1432600;646;5588;50,8;-32,9;13,8;5,6
3280;14.03.2023;1431954;434;5579;48,1;-35,7;12,8;6,1
3277;13.03.2023;1431520;517;5572;43,3;-35,5;11,2;5,8
3274;12.03.2023;1431003;0;5567;43,4;-33;11,2;4,3
3271;11.03.2023;1431003;0;5567;43,3;-30;11,1;3,9
3268;10.03.2023;1431003;405;5567;38,8;-26,3;9,9;3,5
3265;09.03.2023;1430598;449;5564;34,1;-20,7;7,3;3,6
3262;08.03.2023;1430149;0;5562;48,7;-12,4;9,2;2,9
3259;07.03.2023;1430149;364;5562;58,1;-6,4;9,4;2,4
3256;06.03.2023;1429785;347;5554;68,5;-0,9;9,3;2
3253;05.03.2023;1429438;0;5547;68,3;1,4;9,2;2,8
3250;04.03.2023;1429438;0;5547;67,9;4,1;9,2;2,9
3247;03.03.2023;1429438;219;5547;76,1;7,1;9,4;2,7
3244;02.03.2023;1429219;392;5546;80,8;7;10,3;2,6
3241;01.03.2023;1428827;598;5546;80,1;5,8;9,8;3
3238;28.02.2023;1428229;718;5534;78;4,7;9,4;3,2
3235;27.02.2023;1427511;;5531;76,5;3,6;9,3;3,4
3232;26.02.2023;;;;76,5;4,5;9,3;3,6
3229;25.02.2023;;;;76,4;5;9,2;3,9
3226;24.02.2023;1426744;441;5527;74,4;5,1;9;3,9
3223;23.02.2023;1426303;456;5524;72;6,4;7,9;4
3220;22.02.2023;1425847;654;5520;72,9;8,3;9;4,5
3217;21.02.2023;1425193;585;5515;68,8;10,2;9,1;4,5
3214;20.02.2023;1424608;;5516;71,5;12,6;8,8;3,9
3211;19.02.2023;;;;71,5;13,7;8,8;3,6
3208;18.02.2023;;;;71,8;14,2;8,9;3,7
3205;17.02.2023;1424031;497;5508;74;14;9,2;3,6
3202;16.02.2023;1423534;430;5520;72;12,3;8,9;3,4
3199;15.02.2023;1423104;552;5522;71,1;9,6;7,3;3,2
3196;14.02.2023;1422552;519;5510;71,9;7,3;7,2;3,2
3193;13.02.2023;1422033;;5495;65,7;4,9;7;3
3190;12.02.2023;;;;65,6;4;7;2,8
3187;11.02.2023;;;;65,3;2,9;6,8;2,8
3184;10.02.2023;1421288;427;5493;61,7;1,6;6,6;2,5
3181;09.02.2023;1420861;400;5490;61;0,7;7;2,5
3178;08.02.2023;1420461;533;5472;58,4;1,1;7,5;2,9
3175;07.02.2023;1419928;472;5468;60,4;1,6;7,4;3,1
3172;06.02.2023;1419456;;5459;59,9;1;7,3;2,6
3169;05.02.2023;;;;60,2;-0,7;7,4;3,1
3166;04.02.2023;;;;60,4;-2,3;7,4;3,1
3163;03.02.2023;1418961;399;5451;59,7;-3,8;7;3,7
3160;02.02.2023;1418562;260;5446;62,4;-4,3;6,9;2,9
3157;01.02.2023;1418302;447;5444;60,9;-7,2;6,3;2,9
3154;31.01.2023;1417855;551;5429;58,3;-11;5,9;2,6
3151;30.01.2023;1417304;;5428;59,1;-13,6;6,3;2,7
3148;29.01.2023;;;;58,8;-18,3;6,3;3,4
3145;28.01.2023;;;;58,7;-21,1;6,3;3,2
3142;27.01.2023;1416760;411;5424;60,6;-22,4;6,5;3,4
3139;26.01.2023;1416349;470;5421;57,5;-25;6,3;3,5
3136;25.01.2023;1415879;392;5409;59,7;-27,7;6,5;3,8
3133;24.01.2023;1415487;440;5400;60,7;-30,9;6,9;3,7
3130;23.01.2023;1415047;;5396;64,8;-35,2;6,7;3,4
3127;22.01.2023;;;;64,8;-38,7;6,7;3,1
3124;21.01.2023;;;;65,1;-39,4;6,8;3,2
3121;20.01.2023;1414484;426;5392;63,7;-38,3;7;3
3118;19.01.2023;1414058;372;5387;68,9;-37;7,1;3,3
3115;18.01.2023;1413686;443;5385;75,3;-36,4;7,4;3,8
3112;17.01.2023;1413243;469;5380;77,1;-36,6;7,6;3,9
3109;16.01.2023;1412774;;5381;87,9;-40,1;8;4,6
3106;15.01.2023;;;;87,9;-37,5;8;4,8
3103;14.01.2023;;;;87,6;-34;7,8;4,8
3100;13.01.2023;1412041;355;5373;96,6;-29,7;8,4;5,2
3097;12.01.2023;1411686;432;5369;108;-26,4;9,1;5,7
3094;11.01.2023;1411254;735;5365;118,3;-24;9,6;5,3
3091;10.01.2023;1410519;590;5361;136,3;-21,8;11,3;6,1
3088;09.01.2023;1409929;;5351;146,1;-19,3;12,8;6,8
3085;08.01.2023;;;;146,1;-22,5;12,8;7
3082;07.01.2023;;;;146,1;-23,8;0;6,8
3079;06.01.2023;1408872;746;5343;156,3;-23,5;0;7
3076;05.01.2023;1408126;954;5328;169,4;-22,6;0;6,6
3073;04.01.2023;1407172;1102;5312;185,3;-21,9;0;7,6
3070;03.01.2023;1406070;1428;5294;231,8;-22,1;0;7,8
3067;02.01.2023;1404642;;5275;191,9;-23,6;0;7,9
3064;01.01.2023;;;;192;-22,2;;7,2
3061;31.12.2022;;;;191,9;-20;14,6;8,4
3058;30.12.2022;1403229;1069;5263;204,4;-17,1;14,6;8,5
3055;29.12.2022;1402160;1693;5255;213,6;-14,2;16,8;9,2
3052;28.12.2022;1400467;1770;5246;219,4;-10,5;20;9
3049;27.12.2022;1398697;;5243;210,2;-5,6;19,9;9,2
3046;26.12.2022;;;;275,9;1,2;17,6;8,1
3043;25.12.2022;;;;276;4,1;22,1;8,2
3040;24.12.2022;;;;276,6;6,7;22,1;7,8
3037;23.12.2022;1395933;1579;5236;278;9,2;22,1;6,6
3034;22.12.2022;1394354;1700;5229;284,6;11,6;21,8;6,6
3031;21.12.2022;1392654;2116;5223;296,5;13,2;21,8;7,2
3028;20.12.2022;1390538;2581;5215;287,8;13,5;22,3;6,8
3025;19.12.2022;1387957;;5201;292,9;14,1;22,2;6,1
3022;18.12.2022;;;;292,9;13,4;23,3;7,1
3019;17.12.2022;;;;293;12;23,3;7,8
3016;16.12.2022;1386295;1786;5198;292,4;9,8;23,3;7,8
3013;15.12.2022;1384509;2438;5193;279,2;7,8;22,4;8,2
3010;14.12.2022;1382071;2371;5182;265;6,9;19;8,3
3007;13.12.2022;1379700;1940;5173;255,7;7,8;19,6;8,2
3004;12.12.2022;1377760;;5176;248,2;10,7;19,5;7,6
3001;11.12.2022;;;;248,3;15,6;17,3;6,1
2998;10.12.2022;;;;247,9;19,8;17,3;5,7
2995;09.12.2022;1375261;1470;5178;245,9;23,2;17,3;6,3
2992;08.12.2022;1373791;1515;5174;245,1;26,1;16,9;5,8
2989;07.12.2022;1372276;2023;5165;241,1;28,6;16,4;6,2
2986;06.12.2022;1370253;2162;5161;240,2;31,5;16,5;6
2983;05.12.2022;1368091;;5155;240,2;32,5;15,8;6
2980;04.12.2022;;;;240,1;31,5;14,1;4,8
2977;03.12.2022;;;;240,1;28,4;14,1;4,6
2974;02.12.2022;1366155;1435;5148;228,9;22,8;14,1;4,4
2971;01.12.2022;1364720;1524;5145;220,8;17,6;13,1;4,8
2968;30.11.2022;1363196;1621;5144;209,2;11,7;13,1;4,7
2965;29.11.2022;1361575;1970;5139;188,4;4,8;12,4;4,6
2962;28.11.2022;1359605;;5135;168,6;-0,1;12,2;4,5
2959;27.11.2022;;;;168,7;-3,4;12,2;4,9
2956;26.11.2022;;;;168,8;-6,2;12,2;4,9
2953;25.11.2022;1357538;1239;5130;168;-8,7;12,2;4,4
2950;24.11.2022;1356299;998;5123;163,3;-11,4;12,6;4,8
2947;23.11.2022;1355301;1355;5105;154,9;-13,3;12,4;4,8
2944;22.11.2022;1353946;1313;5098;160,3;-14,2;11,6;5,5
2941;21.11.2022;1352633;;5089;161,4;-16;11;5,7
2938;20.11.2022;;;;161,5;-18,6;11;6,1
2935;19.11.2022;;;;161,7;-19,9;11;5,7
2932;18.11.2022;1351254;1063;5080;157,9;-20,1;11;5,7
2929;17.11.2022;1350191;1494;5071;159,5;-20;11,7;6,3
2926;16.11.2022;1348697;1002;5040;172,3;-20,7;11,3;7,4
2923;15.11.2022;1347695;1178;5038;177,2;-22,9;10,7;7,3
2920;14.11.2022;1346517;;5029;186,6;-25,7;11,4;6,7
2917;13.11.2022;;;;187;-28,7;10,3;6,2
2914;12.11.2022;;;;187,9;-29,7;10,3;6,2
2911;11.11.2022;1344929;1047;5024;195;-29,3;10,3;7
2908;10.11.2022;1343882;1153;5017;200,2;-29,2;9,7;6,9
2905;09.11.2022;1342729;1395;5007;205,5;-29,2;11;7,7
2902;08.11.2022;1341334;1565;4990;217,3;-29;10,9;7,7
2899;07.11.2022;1339769;;4978;236,2;-29,4;11,7;7,3
2896;06.11.2022;;;;235,9;-30;14,1;6,6
2893;05.11.2022;;;;236,5;-29;14,1;6,6
2890;04.11.2022;1337757;1064;4970;247,6;-26,9;14,1;6,7
2887;03.11.2022;1336693;1410;4965;268,3;-24,5;13,6;6,7
2884;02.11.2022;1335283;1516;4960;293,8;-22,2;14,9;7,1
2881;01.11.2022;1333767;2103;4952;319,2;-19,5;15,3;7,2
2878;31.10.2022;1331664;;4941;341,4;-17,2;16,3;7,5
2875;30.10.2022;;;;341,7;-15,4;19,1;7,9
2872;29.10.2022;;;;343,6;-13;19,1;8,6
2869;28.10.2022;1329130;1544;4927;364,9;-9,9;19,1;9,4
2866;27.10.2022;1327586;2672;4922;385,8;-7,7;19,2;9,8
2863;26.10.2022;1324914;2264;4915;406,4;-5,9;18,8;9,4
2860;25.10.2022;1322650;3553;4910;436,2;-4,9;19,8;9,5
2857;24.10.2022;1319097;;4895;455,8;-4,6;20,4;8,3
2854;23.10.2022;;;;455,9;0,1;19,3;7,8
2851;22.10.2022;;;;456,9;4,3;19,3;7,5
2848;21.10.2022;1315465;1837;4885;464,9;8,2;19,3;7,7
2845;20.10.2022;1313628;2999;4882;471,3;12,4;21,7;7,9
2842;19.10.2022;1310629;4059;4877;461,9;17,7;21,8;7,7
2839;18.10.2022;1306570;3881;4876;464,5;24,7;21,8;6,8
2836;17.10.2022;1302689;;4868;470,8;33,6;21;6,8
2833;16.10.2022;;;;470,8;37,5;17;6,2
2830;15.10.2022;;;;466,3;40,4;17;7,1
2827;14.10.2022;1299385;2506;4863;483,5;42,5;17;6,3
2824;13.10.2022;1296879;3141;4859;487,3;42,7;16,9;6,6
2821;12.10.2022;1293738;3485;4854;500,5;39,6;16;6,5
2818;11.10.2022;1290253;4314;4854;497,2;32,3;15;7
2815;10.10.2022;1285939;;4849;377,9;23,5;13,8;6,7
2812;09.10.2022;;;;378,3;24,3;12;6,8
2809;08.10.2022;;;;380,5;23,2;12;6,7
2806;07.10.2022;1282046;3345;4845;356,5;19,7;12;6,3
2803;06.10.2022;1278701;3165;4843;316,3;17,4;10,8;5,7
2800;05.10.2022;1275536;3707;4839;285,3;17,8;9,7;6,2
2797;04.10.2022;1271829;;4838;244,1;20,8;9,6;6,3
2794;03.10.2022;;;;311,8;27,8;8,7;5,6
2791;02.10.2022;;;;311,3;26,6;10,3;5,4
2788;01.10.2022;;;;311;23,7;10,3;5,5
2785;30.09.2022;1268230;2554;4834;286,1;18,3;10,3;5,1
2782;29.09.2022;1265676;1654;4830;284,1;14,1;10;4,6
2779;28.09.2022;1264022;2184;4827;268,9;9,3;9,6;4,1
2776;27.09.2022;1261838;2215;4824;245,6;5,2;9,8;5
2773;26.09.2022;1259623;;4808;233;3,7;9,1;4,5
2770;25.09.2022;;;;233,6;4;9,2;4,3
2767;24.09.2022;;;;232,8;3,8;9,2;4,2
2764;23.09.2022;1257366;1788;4807;221,7;3,4;9,2;4,6
2761;22.09.2022;1255578;1526;4800;217,5;3,4;7,7;4,6
2758;21.09.2022;1254052;1604;4799;211,1;3,6;7,5;4,8
2755;20.09.2022;1252448;1484;4799;216,5;4,5;7,2;4,1
2752;19.09.2022;1250964;;4796;215,2;3,4;7,6;4,2
2749;18.09.2022;;;;215,1;3,1;7,7;4,5
2746;17.09.2022;;;;220;2,7;7,7;4,7
2743;16.09.2022;1248868;1189;4795;222,1;1,8;7,7;4,2
2740;15.09.2022;1247679;1289;4786;218,8;-0,8;7,6;4,2
2737;14.09.2022;1246390;1756;4783;219,9;-4,4;8;4,2
2734;13.09.2022;1244634;1714;4779;213,1;-13,2;7,7;4
2731;12.09.2022;1242920;;4778;203,1;-18,5;8,3;4,1
2728;11.09.2022;;;;203;-21,1;8,3;4
2725;10.09.2022;;;;202,7;-22,2;8,3;3,8
2722;09.09.2022;1240774;1152;4776;205,7;-22,3;8,3;4,4
2719;08.09.2022;1239622;1293;4775;206,2;-20,3;8,6;4,1
2716;07.09.2022;1238329;1599;4773;204,1;-16,5;8,6;4,4
2713;06.09.2022;1236730;1507;4770;218,2;-8,5;9,2;3,8
2710;05.09.2022;1235223;;4767;212,2;-2,1;8,9;3,4
2707;04.09.2022;;;;212,2;2,7;9,1;3,9
2704;03.09.2022;;;;210,3;7,8;9,1;4,6
2701;02.09.2022;1233377;1586;4767;224,3;13,8;9,1;3,9
2698;01.09.2022;1231791;1106;4767;241;17,7;9;4,7
2695;31.08.2022;1230685;1483;4765;303;18,5;9,6;4,8
2692;30.08.2022;1229202;1946;4765;294,5;10,2;10;4,7
2689;29.08.2022;1227256;;4756;291,2;1,3;11,4;4,5
2686;28.08.2022;;;;290,7;-6,5;11,7;4,7
2683;27.08.2022;;;;291,6;-13,2;11,7;5,2
2680;26.08.2022;1225701;2232;4755;269,3;-18,8;11,7;5,1
2677;25.08.2022;1223469;2070;4753;248,2;-22;14,3;4,7
2674;24.08.2022;1221399;3903;4752;189;-23;14,7;5
2671;23.08.2022;1217496;1429;4745;194,3;-20,1;15;5
2668;22.08.2022;1216067;;4742;223,4;-16,8;15;5,3
2665;21.08.2022;;;;225;-15,3;15,5;6,3
2662;20.08.2022;;;;226,4;-13,1;15,5;5,8
2659;19.08.2022;1214864;937;4740;247,4;-10,3;15,5;6,6
2656;18.08.2022;1213927;1105;4739;268,5;-8,4;16,3;6,5
2653;17.08.2022;1212822;1565;4735;289,9;-8;16,7;6,1
2650;16.08.2022;1211257;1812;4731;303,3;-9;17;5,9
2647;15.08.2022;1209445;;4745;302,2;-11,5;16,1;6,5
2644;14.08.2022;;;;302,3;-14,2;16,6;6,8
2641;13.08.2022;;;;304,2;-15,8;16,6;7,1
2638;12.08.2022;1206570;1815;4739;308,4;-16,7;16,6;7,8
2635;11.08.2022;1204755;2090;4737;309,3;-17,7;14,8;7,3
2632;10.08.2022;1202665;2301;4729;310,5;-18,1;14,7;7,4
2629;09.08.2022;1200364;2282;4729;312,5;-18,4;17;7,5
2626;08.08.2022;1198082;;4727;327,5;-18;17,6;7,1
2623;07.08.2022;;;;327,9;-17,4;17;6,4
2620;06.08.2022;;;;329,2;-16,3;17;6,7
2617;05.08.2022;1195556;1799;4727;335,1;-14,6;17;7,6
2614;04.08.2022;1193757;2134;4722;351,5;-12,9;17,1;7,6
2611;03.08.2022;1191623;2908;4720;362,9;-12,3;15,4;7,5
2608;02.08.2022;1188715;2379;4717;386,4;-12;15,8;7,7
2605;01.08.2022;1186336;;4715;407,3;-12,2;15,8;8,1
2602;31.07.2022;;;;407,3;-13,3;16,2;8,7
2599;30.07.2022;;;;411,1;-13,4;16,2;9
2596;29.07.2022;1183163;1978;4710;426,9;-12,8;16,2;8,5
2593;28.07.2022;1181185;2697;4708;433,4;-12,4;17,2;9,2
2590;27.07.2022;1178488;3057;4704;448,7;-11,2;17,7;9,5
2587;26.07.2022;1175431;3620;4699;453;-10,3;14,7;8,7
2584;25.07.2022;1171811;;4691;453,2;-9,7;14,4;7,9
2581;24.07.2022;;;;456;-8,9;13,9;7,8
2578;23.07.2022;;;;457,8;-7,7;13,9;7,6
2575;22.07.2022;1167945;2449;4688;468,8;-6,2;13,9;7,4
2572;21.07.2022;1165496;2850;4686;494,3;-4;13,8;7,7
2569;20.07.2022;1162646;3514;4681;513,1;-3,7;14;7,8
2566;19.07.2022;1159132;3347;4680;520,1;-2,9;13;7,4
2563;18.07.2022;1155785;;4679;539,5;-1,6;14,1;7,5
2560;17.07.2022;;;;538,4;-0,3;11,5;7
2557;16.07.2022;;;;533,8;1,1;11,5;7,1
2554;15.07.2022;1151255;3325;4677;540,9;2,4;11,5;7,3
2551;14.07.2022;1147930;3897;4676;526,8;3,2;9,5;6,4
2548;13.07.2022;1144033;4131;4675;531,8;6;9;6,4
2545;12.07.2022;1139902;3713;4671;546;8,1;8,8;6,3
2542;11.07.2022;1136189;;4665;551,1;9,9;8,2;6,1
2539;10.07.2022;;;;552,1;11,2;8,7;6,1
2536;09.07.2022;;;;556;12;8,7;6,2
2533;08.07.2022;1131329;3029;4662;539,1;12;8,7;6,1
2530;07.07.2022;1128300;3501;4661;572,3;11,9;8,9;5,9
2527;06.07.2022;1124799;4499;4658;549,1;10,9;9,2;5,7
2524;05.07.2022;1120300;4219;4656;533,1;12,1;9,4;5
2521;04.07.2022;1116081;;4650;510,6;14,1;7,7;4,7
2518;03.07.2022;;;;509,4;17,4;9,1;4,9
2515;02.07.2022;;;;509,8;19,9;9,1;4,5
2512;01.07.2022;1110870;2817;4649;513,4;21,5;9,1;4,5
2509;30.06.2022;1108053;4782;4647;472,7;23,5;8,7;4,3
2506;29.06.2022;1103271;3431;4648;481,7;27,1;8,4;4,7
2503;28.06.2022;1099840;3193;4641;468,4;29,2;8,2;4,9
2500;27.06.2022;1096647;;4640;462,5;30,1;8;4,8
2497;26.06.2022;;;;461,1;34,8;6,9;4,6
2494;25.06.2022;;;;462,5;37,9;6,9;4,9
2491;24.06.2022;1092466;3122;4639;470,5;39,1;6,9;4,7
2488;23.06.2022;1089344;2885;4639;438,5;38;6,4;3,7
2485;22.06.2022;1086459;3786;4638;396,3;37,8;6;4
2482;21.06.2022;1082673;3275;4635;374,7;39,9;5,7;3,5
2479;20.06.2022;1079398;;4635;354,3;44,8;5,8;3,7
2476;19.06.2022;;;;354,5;45,9;4,5;3,2
2473;18.06.2022;;;;350,6;44,1;4,5;2,9
2470;17.06.2022;1075068;2565;4636;314,3;38,8;4,5;3
2467;16.06.2022;1072503;2033;4635;313,8;33,3;4,3;3
2464;15.06.2022;1070470;2000;4633;308,5;28,7;4,4;2,9
2461;14.06.2022;1068470;2334;4632;320,8;22,3;4,2;2,9
2458;13.06.2022;1066136;;4632;249,4;10,8;4,7;2,7
2455;12.06.2022;;;;248,3;5,3;4,4;2,7
2452;11.06.2022;;;;240,1;-0,3;4,5;2,4
2449;10.06.2022;1063090;1543;4630;219,6;-4,9;4,6;2,3
2446;09.06.2022;1061547;2237;4628;205;-6,8;5;2,4
2443;08.06.2022;1059310;1910;4624;196,5;-11,5;4,4;2,7
2440;07.06.2022;1057400;;4621;164,9;-14,8;4,3;2,8
2437;06.06.2022;;;;206;-14,3;3,9;2,8
2434;05.06.2022;;;;206,2;-16,8;4,4;2,9
2431;04.06.2022;;;;210;-18,2;4,6;3,4
2428;03.06.2022;1054613;1083;4618;229,7;-19;4,6;3,3
2425;02.06.2022;1053530;1060;4617;197,9;-21,4;4,7;3,7
2422;01.06.2022;1052470;1912;4616;196,2;-21,9;4,8;4,2
2419;31.05.2022;1050558;1742;4613;206,2;-22,4;4,9;4,2
2416;30.05.2022;1048816;1900;4612;222,1;-23,9;4,5;3,9
2413;29.05.2022;1046916;0;4610;221,9;-26,2;4,5;4,3
2410;28.05.2022;1046916;43;4610;220,3;-26,8;4,4;4,6
2407;27.05.2022;1046873;1755;4610;215,7;-25,7;4,4;4,5
2404;26.05.2022;1045118;25;4608;263,9;-22,5;4,3;5,1
2401;25.05.2022;1045093;1812;4608;269,9;-20,2;5,2;4,2
2398;24.05.2022;1043281;2182;4606;271,9;-17,6;5,4;4,2
2395;23.05.2022;1041099;2184;4604;281,4;-16,1;7,1;4,2
2392;22.05.2022;1038915;118;4578;282,4;-12,6;7,1;4,6
2389;21.05.2022;1038797;38;4578;284,1;-8,8;7,1;4,4
2386;20.05.2022;1038759;1701;4578;300,8;-4,8;7,1;4,1
2383;19.05.2022;1037058;1637;4574;318,1;-2,5;6,9;4,4
2380;18.05.2022;1035421;1977;4574;340;-3;7,6;4,6
2377;17.05.2022;1033444;2418;4562;367,6;-6,3;8,3;4,4
2374;16.05.2022;1031026;2506;4556;396,4;-9,8;9,1;5,3
2371;15.05.2022;1028520;16;4556;396,7;-16,4;9,6;4,9
2368;14.05.2022;1028504;233;4556;392,6;-21,1;9,6;5,1
2365;13.05.2022;1028271;2344;4556;376,2;-24,2;9,5;4,9
2362;12.05.2022;1025927;2470;4544;365,9;-25,5;9,5;5,4
2359;11.05.2022;1023457;2899;4536;361;-24,8;9,3;5,2
2356;10.05.2022;1020558;3802;4528;390,6;-22,9;9,4;5,1
2353;09.05.2022;1016756;2797;4525;356,4;-21,9;8,2;5,4
2350;08.05.2022;1013959;93;4512;356,4;-15,7;10;5
2347;07.05.2022;1013866;111;4512;360,7;-9,3;9,8;5,2
2344;06.05.2022;1013755;1623;4512;387,6;-2,6;10,1;6
2341;05.05.2022;1012132;2187;4509;436,4;6,6;10,3;6,4
2338;04.05.2022;1009945;2674;4503;484,5;14,2;10;6,5
2335;03.05.2022;1007271;4087;4495;481,4;19,5;9,8;6,5
2332;02.05.2022;1003184;2938;5553;540,3;24,7;10,1;6,4
2329;01.05.2022;1000246;36;4487;541,3;20,6;9,2;6,5
2326;30.04.2022;1000210;124;4487;548,5;15,6;9,3;6,3
2323;29.04.2022;1000086;2798;4485;555;9,8;9,3;6,1
2320;28.04.2022;997288;3506;4480;539,6;-1,1;8,6;6,8
2317;27.04.2022;993782;4732;4478;532,9;-11,4;9,2;7,3
2314;26.04.2022;989050;4036;4463;550,5;-19,6;9,1;6,7
2311;25.04.2022;985014;5002;4461;443,4;-27,8;10,3;7,6
2308;24.04.2022;980012;92;4458;444,8;-31,1;9,5;7,4
2305;23.04.2022;979920;286;4458;446,1;-32,3;9,5;7,7
2302;22.04.2022;979634;2833;4458;376,6;-32,4;11;7,8
2299;21.04.2022;976801;3274;4455;382,6;-30,9;12,1;7,9
2296;20.04.2022;973527;4551;4452;392,1;-28,9;11,9;7,8
2293;19.04.2022;968976;4589;4443;402,6;-27,6;12,1;7,6
2290;18.04.2022;964387;106;4427;513,2;-25,4;11,7;8,3
2287;17.04.2022;964281;147;4427;513,3;-25;13,9;8,3
2284;16.04.2022;964134;319;4427;508,6;-23,5;13,8;7,7
2281;15.04.2022;963815;197;4427;599,1;-21,3;14;7,7
2278;14.04.2022;963618;3918;4427;632,5;-20,5;14,7;8,4
2275;13.04.2022;959700;4589;4422;644,5;-20,7;14,8;8,1
2272;12.04.2022;955111;5144;4421;695,8;-21;15,7;9,3
2269;11.04.2022;949967;4545;4412;726,7;-22,1;17,7;9,3
2266;10.04.2022;945422;99;4407;725,6;-23,4;18,5;9,6
2263;09.04.2022;945323;1;4407;730;-23,2;18,5;9,5
2260;08.04.2022;945322;3890;4407;774,9;-21,6;17,1;9
2257;07.04.2022;941432;4974;4406;794,3;-19,5;16,7;9,6
2254;06.04.2022;936458;5754;4402;866,2;-16,7;17,5;9,6
2251;05.04.2022;930704;7273;4396;875;-14,5;18,6;10,4
2248;04.04.2022;923431;5216;4392;910,7;-11,6;17,4;9,6
2245;03.04.2022;918215;251;4386;915,6;-9,2;19;8,9
2242;02.04.2022;917964;666;4386;933,6;-6,5;19;9,2
2239;01.04.2022;917298;5515;4386;966,4;-4;18,9;9,4
2236;31.03.2022;911783;6557;4384;1031,3;-2,2;20,5;9,5
2233;30.03.2022;905226;7585;4381;1084;-1;20,8;10,6
2230;29.03.2022;897641;7032;4369;1145,4;-0,1;20,9;11,1
2227;28.03.2022;890609;7329;4363;1196,3;4;18,9;10,7
2224;27.03.2022;883280;252;4355;1193,6;8,6;19;11
2221;26.03.2022;883028;943;4355;1172,3;12,6;19,2;10,6
2218;25.03.2022;882085;6503;4354;1150,5;16,2;19,5;10
2215;24.03.2022;875582;8106;4346;1130,7;20,7;19,1;9,5
2212;23.03.2022;867476;9018;4337;1128,9;25,3;20,8;10,5
2209;22.03.2022;858458;11525;4332;1106,1;30,4;20,3;11,3
2206;21.03.2022;846933;6968;4324;1125,6;31,1;20,6;11,4
2203;20.03.2022;839965;198;4319;1128,6;29,3;20,2;11,2
2200;19.03.2022;839767;450;4319;1152;25,9;20,3;11,6
2197;18.03.2022;839317;5748;4319;1198,6;20,2;20,2;12,1
2194;17.03.2022;833569;7953;4315;1192,7;10,7;18,3;12,2
2191;16.03.2022;825616;8962;4310;1171;-0,2;18,5;12,1
2188;15.03.2022;816654;8834;4307;942,2;-10,8;19,6;13,1
2185;14.03.2022;807820;9372;4305;825;-16,1;18,3;12,8
2182;13.03.2022;798448;268;4297;823,5;-18,9;18,1;13,2
2179;12.03.2022;798180;1106;4297;826,2;-20,5;18;13,3
2176;11.03.2022;797074;7246;4296;773,5;-21,4;17,6;13,5
2173;10.03.2022;789828;7635;4294;760,3;-20,8;18,1;13,7
2170;09.03.2022;782193;6946;4288;719,2;-18,6;14,9;13,5
2167;08.03.2022;775247;625;4281;890;-14,5;15;13,6
2164;07.03.2022;774622;5575;4279;925,4;-13,2;18;13,4
2161;06.03.2022;769047;301;4277;928,4;-12,1;16,2;12,8
2158;05.03.2022;768746;899;4277;922;-10,5;16,1;12,6
2155;04.03.2022;767847;6107;4276;949,9;-8;16;12,5
2152;03.03.2022;761740;7005;4273;988,3;-5,7;16,7;13
2149;02.03.2022;754735;7125;4263;1032,7;-4,3;15,7;13,3
2146;01.03.2022;747610;5784;4253;1083,2;-4,9;14,4;14,7
2143;28.02.2022;741826;6389;4245;1138,2;-6,7;16,2;14,5
2140;27.02.2022;735437;270;4243;1137,5;-9,4;17,2;14,9
2137;26.02.2022;735167;1015;4243;1159,7;-11,4;17,5;15,8
2134;25.02.2022;734152;7083;4243;1175,5;-13,4;17,5;15,1
2131;24.02.2022;727069;9396;4242;1150,3;-15,2;18,4;14,8
2128;23.02.2022;717673;7395;4227;1120;-17,3;20,8;15,5
2125;22.02.2022;710278;9836;4222;1155,2;-18,8;21,6;16,8
2122;21.02.2022;700442;8244;4217;1166,9;-20,5;20,5;17,1
2119;20.02.2022;692198;232;4213;1168,5;-21,6;22,2;17,3
2116;19.02.2022;691966;2238;4213;1148,8;-21,8;22,7;17,9
2113;18.02.2022;689728;11424;4212;1155,3;-21;23;18,2
2110;17.02.2022;678304;6686;4205;1203,9;-20;23,8;17,5
2107;16.02.2022;671618;8230;4175;1304,8;-18,6;24,7;17,7
2104;15.02.2022;663388;11531;4173;1363,3;-17,6;26;18,8
2101;14.02.2022;651857;5630;4168;1406,9;-16,5;26,3;18,2
2098;13.02.2022;646227;216;4167;1413;-15,6;25,8;18,5
2095;12.02.2022;646011;1077;4167;1443,2;-14,1;25,8;18,4
2092;11.02.2022;644934;5406;4167;1475,5;-12,2;26,2;17,9
2089;10.02.2022;639528;10164;4164;1578,6;-10,3;26,5;18
2086;09.02.2022;629364;11467;4159;1643;-8,8;25,4;18,4
2083;08.02.2022;617897;12302;4147;1721,3;-7,1;25,4;19
2080;07.02.2022;605595;9578;4140;1767,2;-4,5;25,1;19,6
2077;06.02.2022;596017;743;4135;1778,4;-0,6;25,4;19,1
2074;05.02.2022;595274;1409;4135;1805,3;3;25;18,5
2071;04.02.2022;593865;9845;4135;1869,4;6,6;25,2;19,2
2068;03.02.2022;584020;13317;4133;1879,3;11,1;25,7;18,9
2065;02.02.2022;570703;17566;4129;1896,1;17;25,5;18,8
2062;01.02.2022;553137;12669;4128;1904,6;24,1;24,3;17,7
2059;31.01.2022;540468;12220;4124;1954,9;31,8;22,4;18,3
2056;30.01.2022;528248;284;4107;1960,7;38,7;22,1;18
2053;29.01.2022;527964;3427;4107;1954,4;44,8;21,8;18,2
2050;28.01.2022;524537;12762;4107;1988,1;49,8;21,7;18,6
2047;27.01.2022;511775;11736;4098;1993,1;52;21,3;17,8
2044;26.01.2022;500039;14730;4097;1954,6;50,9;20,1;19
2041;25.01.2022;485309;17416;4094;1817;47,8;20,7;18,9
2038;24.01.2022;467893;13211;4088;1660,2;46;19,5;18,5
2035;23.01.2022;454682;683;4085;1663,2;47,2;18,4;18,1
2032;22.01.2022;453999;2367;4084;1629,7;44,2;18,5;17,2
2029;21.01.2022;451632;14089;4082;1475,4;38,6;17,9;16,8
2026;20.01.2022;437543;10679;4077;1307,4;37,2;16,3;16,8
2023;19.01.2022;426864;11449;4073;1174,8;40,4;15,1;17,8
2020;18.01.2022;415415;10732;4072;1098,9;48;14,3;17,9
2017;17.01.2022;404683;7559;4067;1055,9;58,7;14,6;18,7
2014;16.01.2022;397124;220;4067;1041,6;71,7;14,8;18
2011;15.01.2022;396904;2245;4067;1042,5;85;15,2;18,1
2008;14.01.2022;394659;6069;4067;1029,8;95,9;14,7;18,2
2005;13.01.2022;388590;7238;4063;1009,1;104;12,9;18,4
2002;12.01.2022;381352;7797;4058;946;107,2;12,8;18
1999;11.01.2022;373555;8862;4045;868,5;106,6;10,6;18,9
1996;10.01.2022;364693;5276;4043;779,3;102,3;10,6;19,1
1993;09.01.2022;359417;1057;4038;775,6;95;9,3;19,6
1990;08.01.2022;358360;1712;4038;730,9;72,9;9,2;19,4
1987;07.01.2022;356648;6051;4036;597,8;44,7;9,3;19,3
1984;06.01.2022;350597;5962;4032;499,8;22,8;8,8;18,7
1981;05.01.2022;344635;5443;4029;417,1;7,3;8,7;18,9
1978;04.01.2022;339192;4226;4025;361,5;-1,5;9,3;19,1
1975;03.01.2022;334966;3196;4020;326,1;-5,7;9;19,8
1972;02.01.2022;331770;479;4016;318,8;-6,7;7,6;20
1969;01.01.2022;331291;73;4016;329,3;-7;7,1;19,9
1966;31.12.2021;331218;701;4016;318,1;-7,5;7,1;19,9
1963;30.12.2021;330517;2777;4016;300,5;-6,6;8,1;19,6
1960;29.12.2021;327740;1939;4010;294,9;-4,1;8,1;19,7
1957;28.12.2021;325801;2652;4002;298,1;-1,8;8,3;20,4
1954;27.12.2021;323149;2457;3996;314,2;0,3;8;19,3
1951;26.12.2021;320692;646;3991;308,4;1,4;6,6;20,2
1948;25.12.2021;320046;51;3988;303,1;2,9;6,7;20,3
1945;24.12.2021;319995;564;3988;342,9;4,6;6,5;20,4
1942;23.12.2021;319431;2000;3988;357,4;2,6;7,3;20,1
1939;22.12.2021;317431;2488;3986;355,3;-1,1;8,1;20,8
1936;21.12.2021;314943;2294;3976;347,8;-4;7,7;20,8
1933;20.12.2021;312649;2941;3969;336,7;-6,4;8,7;21,6
1930;19.12.2021;309708;243;3964;335,1;-8,1;7,6;21,5
1927;18.12.2021;309465;439;3964;331,5;-9,4;7,5;21,7
1924;17.12.2021;309026;2261;3955;318,5;-10,2;7,5;22,1
1921;16.12.2021;306765;2391;3944;308,8;-10,4;7,4;22
1918;15.12.2021;304374;2271;3938;318,9;-9,6;7,4;22
1915;14.12.2021;302103;2089;3932;325,3;-9,7;9,2;22,5
1912;13.12.2021;300014;2579;3926;326,7;-9,4;9,4;24,1
1909;12.12.2021;297435;156;3924;330,7;-9,1;11,1;24,2
1906;11.12.2021;297279;315;3924;337,7;-8,2;11,1;24,3
1903;10.12.2021;296964;1596;3922;355,1;-6,9;11;23,4
1900;09.12.2021;295368;2178;3904;368,8;-5,4;10,8;24
1897;08.12.2021;293190;2618;3886;359,6;-4,2;10,8;22,9
1894;07.12.2021;290572;2910;3877;364,8;-2,5;10,6;23,1
1891;06.12.2021;287662;2614;3867;369,7;-1,3;9,2;21,9
1888;05.12.2021;285048;308;3855;371,3;0,2;11,3;21,3
1885;04.12.2021;284740;439;3855;373,3;1,7;11,3;21,6
1882;03.12.2021;284301;2244;3853;383;2,9;11,3;21,3
1879;02.12.2021;282057;2539;3849;383,4;3,7;11;20,3
1876;01.12.2021;279518;2544;3844;399,6;4,8;11,6;19,5
1873;30.11.2021;276974;2552;3835;398,3;4,9;9,6;19,1
1870;29.11.2021;274422;3172;3830;406,6;6,1;9,7;18,7
1867;28.11.2021;271250;287;3823;403,5;7,3;9,4;18,6
1864;27.11.2021;270963;546;3823;396,1;8,2;9,4;18,1
1861;26.11.2021;270417;2558;3818;381,5;9,6;9,4;18,3
1858;25.11.2021;267859;2843;3814;376,6;12,4;11,1;18,6
1855;24.11.2021;265016;2711;3795;377,1;15,9;12,1;18,4
1852;23.11.2021;262305;2867;3788;382,4;20,7;11,8;19,1
1849;22.11.2021;259438;3262;3784;374,3;25,6;12;18,9
1846;21.11.2021;256176;104;3779;374,4;32,2;11,3;18
1843;20.11.2021;256072;127;3779;378,9;37,9;11,3;17,3
1840;19.11.2021;255945;2398;3779;378,2;41,8;11,3;16,9
1837;18.11.2021;253547;2321;3777;370,5;44,7;11,1;16,2
1834;17.11.2021;251226;2795;3773;366,7;47,6;10,2;15,6
1831;16.11.2021;248431;2886;3767;345,1;48,8;10,4;15,7
1828;15.11.2021;245545;2593;3762;327,9;50,3;10,2;15,5
1825;14.11.2021;242952;147;3759;323,5;52,2;9,8;14,2
1822;13.11.2021;242805;475;3759;313,8;51;9,8;14,3
1819;12.11.2021;242330;2149;3759;295,6;46,8;9,8;14
1816;11.11.2021;240181;2185;3756;281,6;42,1;8,1;13,7
1813;10.11.2021;237996;2873;3753;250,8;36,5;6,7;13
1810;09.11.2021;235123;1657;3746;233;33,7;7,2;12,6
1807;08.11.2021;233466;2209;3740;206,6;32,4;6,6;12,9
1804;07.11.2021;231257;87;3735;206,2;33,8;6,5;13,1
1801;06.11.2021;231170;134;3735;206,4;32,9;6,5;12
1798;05.11.2021;231036;1675;3735;195,4;29,6;6,5;11,7
1795;04.11.2021;229361;1560;3729;180;26,3;6,4;11
1792;03.11.2021;227801;1525;3719;169,7;25,1;6,4;10,2
1789;02.11.2021;226276;1240;3717;164;25,9;6,1;11,5
1786;01.11.2021;225036;1500;3709;155,3;26,7;5,9;11,5
1783;31.10.2021;223536;81;3704;153,3;28,8;6;11,7
1780;30.10.2021;223455;178;3704;153;29,8;6;11,8
1777;29.10.2021;223277;869;3704;146,4;29,2;6;11,6
1774;28.10.2021;222408;1073;3700;139,3;28,6;5,7;10,8
1771;27.10.2021;221335;1147;3691;133,1;27,8;5,4;10
1768;26.10.2021;220188;1082;3684;123,8;26,8;5,4;9,7
1765;25.10.2021;219106;995;3677;122,2;27,1;5,3;9,5
1762;24.10.2021;218111;67;3677;123;26,6;4,5;9,4
1759;23.10.2021;218044;184;3677;121,4;23,7;4,5;9,2
1756;22.10.2021;217860;707;3677;118,5;19,8;4,5;9,2
1753;21.10.2021;217153;713;3671;112;15,3;4,4;9,1
1750;20.10.2021;216440;1090;3670;102,3;11,4;4,2;9,2
1747;19.10.2021;215350;824;3667;98,4;8,5;3,9;9,5
1744;18.10.2021;214526;894;3665;93,2;6,7;3,9;9,4
1741;17.10.2021;213632;43;3664;92;5,8;3,2;9,5
1738;16.10.2021;213589;128;3664;89,9;5;3,2;9,3
1735;15.10.2021;213461;578;3664;87,3;4,4;3,2;9,3
1732;14.10.2021;212883;699;3663;87,3;4,3;3,1;9,3
1729;13.10.2021;212184;554;3658;86,7;4,5;2,9;9,3
1726;12.10.2021;211630;698;3657;85,5;5,3;2,6;8,8
1723;11.10.2021;210932;667;3655;84,2;6,5;2,7;8,8
1720;10.10.2021;210265;25;3647;85,1;7,8;2,5;7,7
1717;09.10.2021;210240;140;3647;83,8;8,4;2,5;7,9
1714;08.10.2021;210100;445;3647;82,5;8,9;2,5;8,4
1711;07.10.2021;209655;516;3646;81,8;9,6;2,9;8,7
1708;06.10.2021;209139;749;3641;84,4;9,8;2,8;8,4
1705;05.10.2021;208390;584;3635;82,2;8,1;2,9;8,1
1702;04.10.2021;207806;659;3631;81,6;5,8;2,6;8,4
1699;03.10.2021;207147;24;3628;80,7;2,4;2,7;8,7
1696;02.10.2021;207123;67;3628;80,8;-0,6;2,7;9
1693;01.10.2021;207056;521;3628;80,5;-3,5;2,7;9,3
1690;30.09.2021;206535;664;3627;78,2;-7,1;2,8;9,2
1687;29.09.2021;205871;635;3625;75;-10,3;3;8,7
1684;28.09.2021;205236;656;3625;72,9;-12,2;2,8;8,5
1681;27.09.2021;204580;332;3625;72,8;-13,1;2,7;8,4
1678;26.09.2021;204248;17;3624;72,5;-13,3;3;8,4
1675;25.09.2021;204231;112;3624;72,9;-13,1;3;8,3
1672;24.09.2021;204119;422;3624;71,6;-12,6;3;8
1669;23.09.2021;203697;450;3622;73,1;-10,9;2,4;8,1
1666;22.09.2021;203247;607;3621;75,1;-8,4;2,5;8,4
1663;21.09.2021;202640;429;3620;78,4;-6;2,6;8,1
1660;20.09.2021;202211;647;3619;81,8;-4,9;2,6;8,5
1657;19.09.2021;201564;6;3616;81,8;-3,8;2,4;7,9
1654;18.09.2021;201558;114;3616;82,1;-2,5;2,4;7,8
1651;17.09.2021;201444;357;3616;85,5;-0,8;2,4;7,6
1648;16.09.2021;201087;492;3615;88,6;0,5;2,5;7,5
1645;15.09.2021;200595;685;3611;89,4;1;2,7;7,6
1642;14.09.2021;199910;655;3609;90,2;1,5;2,6;7,6
1639;13.09.2021;199255;761;3607;90,2;2,9;2,6;7,6
1636;12.09.2021;198494;18;3602;90,9;4,4;2,6;7,4
1633;11.09.2021;198476;187;3602;92,1;5,5;2,6;7,5
1630;10.09.2021;198289;458;3602;90,3;6;2,6;7,7
1627;09.09.2021;197831;541;3602;87,5;6,6;2,8;7,6
1624;08.09.2021;197290;751;3599;87,6;8;3;7,3
1621;07.09.2021;196539;548;3598;91,4;10;2,8;7,3
1618;06.09.2021;195991;858;3597;89,8;11;3,1;7,4
1615;05.09.2021;195133;17;3596;90,1;11,5;2,7;7
1612;04.09.2021;195116;137;3596;89;11,3;2,7;6,6
1609;03.09.2021;194979;413;3596;88;10,7;2,7;6,2
1606;02.09.2021;194566;533;3595;88,8;9,9;2,3;5,7
1603;01.09.2021;194033;736;3593;87,5;8,1;2,2;5,6
1600;31.08.2021;193297;909;3593;82,6;6,1;2,5;5,5
1597;30.08.2021;192388;586;3593;81,1;5,9;2,4;5,4
1594;29.08.2021;191802;14;3592;80,8;7,1;2,2;4,7
1591;28.08.2021;191788;79;3592;80,5;8;2,2;4,7
1588;27.08.2021;191709;414;3592;80,8;8,7;2,2;4,9
1585;26.08.2021;191295;346;3591;79,1;10,3;2,3;4,5
1582;25.08.2021;190949;691;3597;75,7;13,3;2,1;4,6
1579;24.08.2021;190258;471;3595;73,9;18,3;2,3;4,6
1576;23.08.2021;189787;645;3592;74,8;24,7;2;4,8
1573;22.08.2021;189142;42;3588;75,1;31,9;2,3;5,2
1570;21.08.2021;189100;95;3587;75,3;38,5;2,3;5,4
1567;20.08.2021;189005;343;3587;74,8;44,5;2,3;5,3
1564;19.08.2021;188662;475;3588;75,3;49,9;2,3;5,5
1561;18.08.2021;188187;510;3588;75,3;53,7;2,2;5,1
1558;17.08.2021;187677;552;3587;72,5;56;2;4,9
1555;16.08.2021;187125;594;3587;67,4;57,7;2,1;5,3
1552;15.08.2021;186531;13;3587;67,2;60,3;1,9;5,2
1549;14.08.2021;186518;126;3587;66,2;58,3;1,9;4,9
1546;13.08.2021;186392;615;3587;60,3;51;1,9;4,7
1543;12.08.2021;185777;473;3586;55;43,7;1,7;4,8
1540;11.08.2021;185304;358;3585;50,1;38;1,7;4,5
1537;10.08.2021;184946;366;3585;45,7;33,7;1,3;4,1
1534;09.08.2021;184580;380;3585;41,2;30,5;1,5;3,8
1531;08.08.2021;184200;21;3585;40,4;29,8;1,3;3,6
1528;07.08.2021;184179;72;3585;39,1;27,8;1,3;3,2
1525;06.08.2021;184107;238;3585;37,9;24,8;1,3;3,5
1522;05.08.2021;183869;289;3585;36,2;21,7;1,2;3,6
1519;04.08.2021;183580;307;3585;33;18,2;1,1;3,5
1516;03.08.2021;183273;270;3583;30,8;17,3;1;3,6
1513;02.08.2021;183003;263;3583;29,8;19,1;1;3,5
1510;01.08.2021;182740;17;3583;29,6;23,5;0,6;3,4
1507;31.07.2021;182723;33;3583;29,7;26,9;0,6;3,1
1504;30.07.2021;182690;137;3583;29,4;29;0,6;3,3
1501;29.07.2021;182553;213;3582;27,5;31,8;0,8;3,2
1498;28.07.2021;182340;173;3581;26,6;37,8;0,8;3,2
1495;27.07.2021;182167;197;3581;26,2;46,3;0,8;3,3
1492;26.07.2021;181970;259;3581;25,4;56,1;0,6;3,4
1489;25.07.2021;181711;11;3578;25,2;67,5;0,5;3,3
1486;24.07.2021;181700;17;3578;24,9;77,9;0,5;3,1
1483;23.07.2021;181683;155;3578;24,1;86,2;0,6;3,5
1480;22.07.2021;181528;99;3577;24;94,5;0,6;3,6
1477;21.07.2021;181429;-161;3576;22,9;96,8;0,6;3,5
1474;20.07.2021;181590;251;3576;20,7;94,8;0,5;3,4
1471;19.07.2021;181339;;3574;17,7;92;0,5;3,3
1468;18.07.2021;;;;17,7;98,2;0,5;3,6
1465;17.07.2021;;;;17,3;94,3;0,5;3,6
1462;16.07.2021;181146;132;3570;15,3;77,2;0,5;3,5
1459;15.07.2021;181014;132;3568;12,9;59,3;0,4;3,6
1456;14.07.2021;180882;137;3568;10,8;44,7;0,5;3,4
1453;13.07.2021;180745;99;3565;9,3;33,5;0,6;3,6
1450;12.07.2021;180646;95;3565;8,3;26,3;0,7;3,7
1447;11.07.2021;180551;0;3564;8,4;19,5;0,7;3,8
1444;10.07.2021;180551;2;3564;8,3;10,9;0,7;3,7
1441;09.07.2021;180549;57;3564;7,6;1,3;0,7;3,9
1438;08.07.2021;180492;59;3563;7,3;-6,2;0,6;3,8
1435;07.07.2021;180433;52;3563;6,8;-10,4;0,8;3,8
1432;06.07.2021;180381;57;3562;6,4;-13,8;0,9;4
1429;05.07.2021;180324;53;3561;5,5;-16,6;0,9;3,9
1426;04.07.2021;180271;3;3559;5,5;-16,5;0,9;4,1
1423;03.07.2021;180268;2;3559;5,6;-15,8;0,9;4,2
1420;02.07.2021;180266;38;3559;5,7;-14,3;0,9;4,5
1417;01.07.2021;180228;16;3560;6;-14,8;0,8;4,5
1414;30.06.2021;180212;46;3560;6,4;-19,9;0,8;4,5
1411;29.06.2021;180166;26;3559;6,4;-26,8;0,8;4,9
1408;28.06.2021;180140;22;3557;6,9;-33,4;0,8;4,9
1405;27.06.2021;180118;0;3556;6,9;-39,7;0,8;5,3
1402;26.06.2021;180118;6;3556;7,1;-42;0,8;5,4
1399;25.06.2021;180112;25;3556;7,3;-42,7;0,8;5,1
1396;24.06.2021;180087;55;3552;6,9;-43,7;0,8;5,3
1393;23.06.2021;180032;37;3548;7,2;-45,8;0,8;5,6
1390;22.06.2021;179995;66;3547;7,6;-47,9;0,8;6
1387;21.06.2021;179929;41;3545;7,7;-48,7;0,8;6,1
1384;20.06.2021;179888;1;3545;7,9;-48,9;0,9;6,5
1381;19.06.2021;179887;15;3545;7,7;-46,9;1,1;7
1378;18.06.2021;179872;48;3545;8,8;-43,9;1,3;6,8
1375;17.06.2021;179824;-11;3541;10,9;-41,8;1,2;7
1372;16.06.2021;179835;63;3535;12,3;-39,8;1,3;7,4
1369;15.06.2021;179772;22;3529;13,8;-38,4;1,3;7
1366;14.06.2021;179750;57;3520;15,3;-37,1;1,4;7,2
1363;13.06.2021;179693;6;3517;15,4;-33,2;1,8;7,2
1360;12.06.2021;179687;26;3517;15,8;-29;1,8;7,7
1357;11.06.2021;179661;101;3518;17,5;-24,7;1,8;8,4
1354;10.06.2021;179560;90;3517;20,8;-21,3;2;8,8
1351;09.06.2021;179470;121;3513;23,4;-18,3;1,7;10
1348;08.06.2021;179349;117;3512;25;-17,7;1,8;10,2
1345;07.06.2021;179232;104;3510;27,4;-20;1,8;10,6
1342;06.06.2021;179128;7;3506;27,4;-26,1;1,7;11,3
1339;05.06.2021;179121;27;3505;28,4;-29,4;1,7;11,3
1336;04.06.2021;179094;159;3506;30,8;-31,5;1,6;11,7
1333;03.06.2021;178935;182;3502;31,9;-33,5;1,7;12
1330;02.06.2021;178753;192;3499;34,2;-32,6;2;12,8
1327;01.06.2021;178561;196;3497;35,9;-33,4;2,3;13
1324;31.05.2021;178365;142;3485;32,5;-33,5;2,4;13,2
1321;30.05.2021;178223;18;3481;33;-32,6;2,5;13,5
1318;29.05.2021;178205;-22;3481;34,1;-30,5;2,5;13,5
1315;28.05.2021;178227;285;3482;36,2;-27,7;2,9;13,9
1312;27.05.2021;177942;281;3465;35,7;-25,7;3;14,2
1309;26.05.2021;177661;120;3460;39,6;-25,7;3,4;15,7
1306;25.05.2021;177541;231;3454;46;-25,3;3,7;16,4
1303;24.05.2021;177310;76;3440;55;-26,6;4,4;16,9
1300;23.05.2021;177234;50;3439;55,3;-28,7;5,1;16,8
1297;22.05.2021;177184;146;3438;57,3;-29,1;4,9;17,2
1294;21.05.2021;177038;281;3429;60,4;-28,6;5;17
1291;20.05.2021;176757;256;3422;57,1;-27,9;5,2;18,5
1288;19.05.2021;176501;462;3416;63,5;-26,5;4,7;18,9
1285;18.05.2021;176039;382;3412;64,5;-25,7;5,1;20,1
1282;17.05.2021;175657;370;3403;68,4;-24,9;5,2;20,8
1279;16.05.2021;175287;91;3399;68,2;-24,5;5,6;20,7
1276;15.05.2021;175196;173;3399;68,6;-23,2;5,7;20,5
1273;14.05.2021;175023;455;3399;73,3;-21,8;5,3;20,6
1270;13.05.2021;174568;155;3396;86,2;-20,4;5,7;21
1267;12.05.2021;174413;707;3325;88,3;-20,2;5,5;22,3
1264;11.05.2021;173706;510;3319;95,9;-20;5,6;23,3
1261;10.05.2021;173196;466;3306;99,7;-20;5,6;24,7
1258;09.05.2021;172730;79;3302;99,8;-19,2;6,2;25,1
1255;08.05.2021;172651;318;3302;100,4;-17,8;6,2;25,2
1252;07.05.2021;172333;592;3266;102,3;-15,7;6,7;25,5
1249;06.05.2021;171741;596;3255;107,1;-13,6;6,8;25,2
1246;05.05.2021;171145;850;3242;110,7;-12,2;7,9;25,5
1243;04.05.2021;170295;730;3233;115,8;-11,2;8,2;26,2
1240;03.05.2021;169565;550;3228;121,9;-10,4;8,9;26,8
1237;02.05.2021;169015;57;3216;123,8;-9,6;9,1;27
1234;01.05.2021;168958;499;3214;129,5;-8,4;9,4;27,2
1231;30.04.2021;168459;616;3213;133,2;-7,9;9,6;26,8
1228;29.04.2021;167843;742;3210;136,4;-7,8;9,6;27,2
1225;28.04.2021;167101;1053;3210;141,4;-7,3;10,1;27,7
1222;27.04.2021;166048;951;3201;142,8;-5,3;10,4;28,6
1219;26.04.2021;165097;793;3193;140,4;-1,9;10,9;28,7
1216;25.04.2021;164304;198;3188;140,7;3,3;10,3;27,4
1213;24.04.2021;164106;485;3187;139,6;7,9;10,3;27,7
1210;23.04.2021;163621;841;3180;143;12;10,2;29,1
1207;22.04.2021;162780;1135;3175;148,3;18,5;10,6;28,8
1204;21.04.2021;161645;1166;3169;153,1;24,1;10,6;27,9
1201;20.04.2021;160479;759;3163;154,6;26,4;10,7;27,5
1198;19.04.2021;159720;463;3153;153,8;25,9;10,9;27
1195;18.04.2021;159257;401;3150;153,5;22;10,2;27,3
1192;17.04.2021;158856;548;3151;156,3;17,5;10,3;27,3
1189;16.04.2021;158308;1288;3147;160,2;12,4;10,7;26,9
1186;15.04.2021;157020;1022;3143;156,4;2,5;10,3;27,4
1183;14.04.2021;155998;1327;3134;142,5;-6,4;10,1;26,6
1180;13.04.2021;154671;677;3128;129,9;-11,6;10,1;27,2
1177;12.04.2021;153994;539;3127;116,7;-14,5;11,7;27,1
1174;11.04.2021;153455;493;3123;118,8;-15,3;11,1;26,9
1171;10.04.2021;152962;643;3123;124;-15,6;10,9;26,4
1168;09.04.2021;152319;1019;3122;104,2;-15,3;10,9;25,5
1165;08.04.2021;151300;923;3110;103,4;-10,8;11,1;24,6
1162;07.04.2021;150377;545;3098;113,5;-5,2;10,7;24,9
1159;06.04.2021;149832;601;3090;122,4;0,5;11;24,5
1156;05.04.2021;149231;194;3086;135,1;6,8;11,8;23,6
1153;04.04.2021;149037;309;3086;133;11,7;11,3;22,5
1150;03.04.2021;148728;778;3082;127,3;16,9;11,2;21,3
1147;02.04.2021;147950;484;3081;144,3;23,2;10,8;21,2
1144;01.04.2021;147466;1205;3071;144,8;25,5;11,1;20,9
1141;31.03.2021;146261;1012;3055;141,9;27,1;11,4;21
1138;30.03.2021;145249;663;3047;144,1;29,1;11;20,9
1135;29.03.2021;144586;575;3043;146,8;30;9;19,6
1132;28.03.2021;144011;296;3039;146,2;32;11,4;19,1
1129;27.03.2021;143715;735;3036;140,4;31,5;12,1;19,4
1126;26.03.2021;142980;973;3030;131;30,4;11,6;19,1
1123;25.03.2021;142007;1006;3026;126,1;31,3;10,7;19,4
1120;24.03.2021;141001;1268;3023;119,3;32,8;10,5;18
1117;23.03.2021;139733;751;3011;108,5;34,8;10;17,7
1114;22.03.2021;138982;545;2998;102,9;38,2;8,7;17,8
1111;21.03.2021;138437;219;2992;102,5;38,5;9,2;17,5
1108;20.03.2021;138218;286;2991;102,9;37,6;9;16,4
1105;19.03.2021;137932;894;2985;104,3;34,6;8,8;17
1102;18.03.2021;137038;629;2967;102,1;27,8;9;16,9
1099;17.03.2021;136409;630;2956;98,2;19,2;8,8;17,1
1096;16.03.2021;135779;662;2947;93,8;10,6;8,2;17,2
1093;15.03.2021;135117;366;2942;77,3;2,8;8,2;17,1
1090;14.03.2021;134751;208;2934;77,9;0,9;6,2;17,8
1087;13.03.2021;134543;508;2934;75,2;-1,5;6,2;17,4
1084;12.03.2021;134035;644;2933;68,6;-3,7;6,3;17,1
1081;11.03.2021;133391;553;2928;62,2;-3,2;7,5;16,4
1078;10.03.2021;132838;489;2918;59,9;-0,3;7,2;17,1
1075;09.03.2021;132349;287;2902;60,5;3,9;7,1;17,7
1072;08.03.2021;132062;88;2895;72,3;9,2;6,9;18,7
1069;07.03.2021;131974;110;2894;70,7;10,7;6,8;18,3
1066;06.03.2021;131864;313;2892;69,7;12;7;17,4
1063;05.03.2021;131551;415;2889;70,8;13,9;7,1;17,8
1060;04.03.2021;131136;608;2874;71,2;15,1;6,9;19,1
1057;03.03.2021;130528;447;2862;70,4;15,3;7,3;19,1
1054;02.03.2021;130081;482;2850;69,7;15,3;8;19,2
1051;01.03.2021;129599;242;2825;67,4;13,7;8,9;18,6
1048;28.02.2021;129357;103;2818;66,9;11,8;9,2;17,8
1045;27.02.2021;129254;311;2818;68,1;9,6;8,6;17,8
1042;26.02.2021;128943;497;2814;65,2;5,2;8,8;18
1039;25.02.2021;128446;510;2805;63,1;1,2;7,9;18,8
1036;24.02.2021;127936;483;2781;62,1;-2,4;8,9;19,2
1033;23.02.2021;127453;268;2766;59,2;-6,1;8,9;19,4
1030;22.02.2021;127185;287;2740;57,8;-8,7;9,3;20,2
1027;21.02.2021;126898;73;2728;58,5;-11,9;9,1;20,7
1024;20.02.2021;126825;252;2727;56,4;-14,7;8,8;21,2
1021;19.02.2021;126573;372;2720;55,4;-15,7;9,1;22,3
1018;18.02.2021;126201;475;2702;55,4;-16,7;8,9;22,1
1015;17.02.2021;125726;444;2670;54,7;-17,1;9,4;22,2
1012;16.02.2021;125282;296;2645;57,1;-17,6;9,8;23
1009;15.02.2021;124986;196;2620;58,3;-18,9;8,8;23,6
1006;14.02.2021;124790;71;2609;58,1;-19,2;9,6;23
1003;13.02.2021;124719;204;2605;60,8;-18,4;9,5;23,1
1000;12.02.2021;124515;384;2597;62,2;-18;9,7;23,6
997;11.02.2021;124131;396;2573;63,5;-17,9;10,2;24,6
994;10.02.2021;123735;546;2556;65,3;-18,2;9,7;25,3
991;09.02.2021;123189;302;2506;66,5;-19;10,9;26,1
988;08.02.2021;122887;284;2485;72;-20;11,2;26,4
985;07.02.2021;122603;156;2470;72,8;-20,9;11,5;26,3
982;06.02.2021;122447;222;2466;72,2;-21,4;12,2;26,4
979;05.02.2021;122225;352;2453;75,6;-20,8;12,6;27,2
976;04.02.2021;121873;484;2418;77,1;-20,8;13;29,1
973;03.02.2021;121389;644;2374;81,4;-21,6;13,7;29
970;02.02.2021;120745;353;2326;86,4;-23;14,5;28,4
967;01.02.2021;120392;455;2293;86;-25;13,9;29,6
964;31.01.2021;119937;140;2276;86;-27,9;15,2;29,8
961;30.01.2021;119797;291;2264;88,4;-29;16,3;30
958;29.01.2021;119506;556;2235;92,4;-29;16;30,3
955;28.01.2021;118950;503;2195;97,2;-29,4;16,6;30,7
952;27.01.2021;118447;890;2164;103;-30,6;22,1;32,1
949;26.01.2021;117557;433;2101;108,4;-31,1;24,2;32
946;25.01.2021;117124;369;2067;109,7;-30,6;23,9;31,8
943;24.01.2021;116755;160;2040;112,8;-28,1;24,5;32,1
940;23.01.2021;116595;463;2039;113,5;-25,8;24,5;31,8
937;22.01.2021;116132;615;2021;119,5;-22,8;27,4;32,4
934;21.01.2021;115517;901;1996;128,8;-17,1;27,7;32,8
931;20.01.2021;114616;732;1957;137,5;-8,7;28,2;32,1
928;19.01.2021;113884;824;1918;145,2;-0,1;31,4;33,2
925;18.01.2021;113060;544;1860;164,2;8,2;35,4;32,5
922;17.01.2021;112516;284;1833;165,2;14,1;33,7;32,8
919;16.01.2021;112232;495;1822;168,6;20,2;34,2;33,4
916;15.01.2021;111737;990;1800;179,1;25,4;34,5;33,9
913;14.01.2021;110747;1222;1755;196,2;29,6;34,2;34,7
910;13.01.2021;109525;1222;1711;201,4;29,5;28,7;34,4
907;12.01.2021;108303;1070;1635;201,7;24,5;25,7;34,4
904;11.01.2021;107233;1036;1591;192,4;16,7;26,4;34,8
901;10.01.2021;106197;340;1565;199,2;7,8;26,9;35,8
898;09.01.2021;105857;732;1560;200,8;-1,8;27,5;36
895;08.01.2021;105125;1479;1547;173,8;-10,2;24,9;37,3
892;07.01.2021;103646;1569;1487;142,6;-18,6;24,1;38,3
889;06.01.2021;102077;1306;1445;134;-24,8;23,4;38,7
886;05.01.2021;100771;1235;1390;134,8;-27,6;19,5;38,5
883;04.01.2021;99536;771;1327;138,8;-27,9;16,1;38,5
880;03.01.2021;98765;656;1305;139,6;-27,2;16,5;38,3
877;02.01.2021;98109;460;1285;145,4;-25,5;15,9;38,3
874;01.01.2021;97649;207;1277;142,9;-23,4;17,5;38,8
871;31.12.2020;97442;643;1271;145,8;-20;18,2;37,3
868;30.12.2020;96799;1059;1247;159,9;-15,7;19,3;36,9
865;29.12.2020;95740;1287;1213;166,4;-11,7;20,8;37,8
862;28.12.2020;94453;646;1172;177,9;-7,9;20,4;35
859;27.12.2020;93807;815;1149;174,1;-4;19,9;35,9
856;26.12.2020;92992;635;1128;168,9;0,6;19,1;35,6
853;25.12.2020;92357;278;1118;205,8;6,6;18,4;35,2
850;24.12.2020;92079;952;1116;235,1;9,1;21,3;33,8
847;23.12.2020;91127;1593;1105;234,7;8,4;20,9;33,3
844;22.12.2020;89534;1504;1066;227,8;7,8;21,2;33,5
841;21.12.2020;88030;953;1024;226,6;7,9;22,3;33,3
838;20.12.2020;87077;516;1007;225,6;8;22,8;32,4
835;19.12.2020;86561;1325;1001;224,5;7,8;22,1;32,5
832;18.12.2020;85236;1545;984;218,8;6,9;20,5;32
829;17.12.2020;83691;1473;958;212,6;6,6;19,6;33,5
826;16.12.2020;82218;1283;928;208,9;6,8;18,7;32,5
823;15.12.2020;80935;1129;899;209,1;6,7;17,4;32,4
820;14.12.2020;79806;1008;846;203,5;5,1;17,7;31,6
817;13.12.2020;78798;548;821;204,1;2,8;17,6;31,2
814;12.12.2020;78250;1038;813;203,2;0,1;18,1;30,8
811;11.12.2020;77212;1002;790;206,5;-2,2;18,2;31,3
808;10.12.2020;76210;1656;768;205,5;-5;16,4;30,6
805;09.12.2020;74554;1123;749;198,4;-7,8;16,1;30,5
802;08.12.2020;73431;1348;732;195,2;-9,6;15,6;30,1
799;07.12.2020;72083;640;699;191,3;-11,1;15,1;29,7
796;06.12.2020;71443;355;683;189,6;-11,7;14,3;29,5
793;05.12.2020;71088;1320;679;191,2;-12,1;14,6;30
790;04.12.2020;69768;1260;657;187,5;-12;14,4;28,6
787;03.12.2020;68508;1244;641;185,3;-10,9;14,1;28
784;02.12.2020;67264;958;618;188;-9,4;14,3;27
781;01.12.2020;66306;1161;594;199;-8,4;14,1;26,5
778;30.11.2020;65145;925;565;210,4;-6,8;13,7;26,8
775;29.11.2020;64220;332;553;213,7;-5,5;14,4;26,3
772;28.11.2020;63888;824;550;212,9;-3,7;14;26,1
769;27.11.2020;63064;1400;539;217,1;-1,5;14,1;27,6
766;26.11.2020;61664;1110;527;220,5;0,8;13,7;25,6
763;25.11.2020;60554;1630;508;222,8;3,5;13,5;25,7
760;24.11.2020;58924;1615;492;228,1;6,9;13,5;26,4
757;23.11.2020;57309;805;456;228,6;9,4;13,1;26,4
754;22.11.2020;56504;436;449;233,9;11,8;13;26,6
751;21.11.2020;56068;1051;447;233,7;13;12,9;26,2
748;20.11.2020;55017;1703;441;231,8;13,9;13,3;26,3
745;19.11.2020;53314;1251;422;234,9;14,7;13,5;26,1
742;18.11.2020;52063;1457;401;244,1;15,3;12,9;26
739;17.11.2020;50606;1572;393;233,8;13,5;13,4;26,4
736;16.11.2020;49034;1337;371;229,7;12,7;13,4;25,3
733;15.11.2020;47697;432;362;221,7;12,6;13,9;25
730;14.11.2020;47265;831;358;220,4;12,6;13,9;24,4
727;13.11.2020;46434;1328;348;214,3;12,1;14,3;24,5
724;12.11.2020;45106;1960;333;207,4;11,9;14,5;23,7
721;11.11.2020;43146;1132;321;195,5;12,3;14,1;23,7
718;10.11.2020;42014;1554;313;196,2;15,2;14,9;23,5
715;09.11.2020;40460;840;301;194,6;18;15,9;23,2
712;08.11.2020;39620;241;295;196,5;21,1;16;22,5
709;07.11.2020;39379;697;294;195;23,4;15,9;22
706;06.11.2020;38682;1329;292;192,4;25,1;15,4;19,5
703;05.11.2020;37353;1387;287;185,5;27;15,9;21,3
700;04.11.2020;35966;1148;272;186,9;29,6;15,7;20,2
697;03.11.2020;34818;1513;265;181,3;31,3;15,4;20
694;02.11.2020;33305;713;261;170,8;34;14,5;18,4
691;01.11.2020;32592;362;261;169,8;38,1;12,9;17,2
688;31.10.2020;32230;791;261;168,1;40,7;12,6;15,5
685;30.10.2020;31439;1084;255;163,9;41,2;11,7;15,6
682;29.10.2020;30355;1131;253;159,8;40,7;11,1;13,8
679;28.10.2020;29224;1161;253;146,6;39,4;11,2;14
676;27.10.2020;28063;1040;251;140,5;39,6;9,8;12,3
673;26.10.2020;27023;931;251;133,9;40;8,9;11
670;25.10.2020;26092;304;250;130,3;41,9;8;11
667;24.10.2020;25788;415;249;127;42,1;8;10,6
664;23.10.2020;25373;893;248;119,1;40,7;7,8;9,9
661;22.10.2020;24480;783;245;113,1;40,2;6,7;9,1
658;21.10.2020;23697;971;243;107,1;40;6,3;8,4
655;20.10.2020;22726;822;243;96,3;41;5,6;8
652;19.10.2020;21904;476;241;91,3;44,9;5,7;7,5
649;18.10.2020;21428;302;241;90;50,1;5,3;6,4
646;17.10.2020;21126;363;239;90,1;54,5;5,1;6,3
643;16.10.2020;20763;676;239;86,7;55,4;5,2;5,6
640;15.10.2020;20087;551;238;80,6;55,8;4,8;6
637;14.10.2020;19536;503;236;78,1;57,2;4,4;5,1
634;13.10.2020;19033;706;236;73;56,9;4;5,1
631;12.10.2020;18327;252;234;65,3;56,4;3,3;4,5
628;11.10.2020;18075;247;234;64,3;58;3,2;4,4
625;10.10.2020;17828;273;234;62,3;55,8;3;4
622;09.10.2020;17555;443;234;57,8;50,6;3;3,4
619;08.10.2020;17112;498;233;53,9;44,6;2,9;3,6
616;07.10.2020;16614;378;232;47,9;38,7;2,9;3,8
613;06.10.2020;16236;288;231;45,1;35;2,6;4
610;05.10.2020;15948;301;231;42,2;32;2,3;3,6
607;04.10.2020;15647;74;231;40;30,9;2,2;3,5
604;03.10.2020;15573;203;231;39,6;29,9;2,1;3,6
601;02.10.2020;15370;339;231;35,9;26,9;1,8;3,4
598;01.10.2020;15031;244;229;33,7;27,7;1,9;3,2
595;30.09.2020;14787;288;228;31,2;29,6;1,6;3,1
592;29.09.2020;14499;173;228;29,9;34;1,6;2,8
589;28.09.2020;14326;131;228;29,6;40,2;1,3;2,7
586;27.09.2020;14195;83;228;29,6;44,4;1,2;2,1
583;26.09.2020;14112;143;228;28,9;46,5;1,2;2,1
580;25.09.2020;13969;159;228;28,5;46,9;1,1;2,1
577;24.09.2020;13810;238;228;27,1;43,2;1;1,9
574;23.09.2020;13572;199;228;26,8;41;0,9;1,9
571;22.09.2020;13373;117;228;25,4;36,5;0,8;1,8
568;21.09.2020;13256;148;227;22,9;30,6;0,8;1,7
565;20.09.2020;13108;44;227;22,3;26,6;0,8;1,4
562;19.09.2020;13064;146;227;21,9;21;0,8;1,4
559;18.09.2020;12918;186;227;19;14,4;0,8;1,4
556;17.09.2020;12732;140;227;18,1;11,9;0,7;1,2
553;16.09.2020;12592;130;227;16,5;9,6;0,7;1,2
550;15.09.2020;12462;109;227;14,9;8,8;0,7;1,2
547;14.09.2020;12353;85;226;15,8;10;0,8;1,4
544;13.09.2020;12268;15;226;15,7;10,7;0,8;1,3
541;12.09.2020;12253;38;226;15,9;11,1;0,7;1,3
538;11.09.2020;12215;126;226;16,8;10,7;0,7;1,3
535;10.09.2020;12089;139;226;15;9;0,6;1,3
532;09.09.2020;11950;72;226;14,3;8;0,6;1,3
529;08.09.2020;11878;87;226;14,5;9;0,7;1,4
526;07.09.2020;11791;65;226;14,4;8,9;0,7;1,4
523;06.09.2020;11726;24;226;14,4;8,3;0,6;1,2
520;05.09.2020;11702;80;226;14,1;7;0,5;1,2
517;04.09.2020;11622;94;226;13,7;5,9;0,6;1,2
514;03.09.2020;11528;98;226;13,6;5,3;0,7;1,2
511;02.09.2020;11430;84;226;13,9;5,5;0,7;1,3
508;01.09.2020;11346;81;226;13,9;1,5;0,7;1,3
505;31.08.2020;11265;77;226;13,1;-3,6;0,6;1,5
502;30.08.2020;11188;6;226;13;-6,6;0,6;1,6
499;29.08.2020;11182;58;226;12,9;-9;0,6;1,8
496;28.08.2020;11124;114;226;12,2;-10,1;0,6;1,8
493;27.08.2020;11010;77;226;13,1;-10,9;0,6;1,9
490;26.08.2020;10933;82;226;12,3;-12;0,7;1,7
487;25.08.2020;10851;66;226;12,5;-8,9;0,7;1,6
484;24.08.2020;10785;58;226;12,6;-4,4;0,7;1,7
481;23.08.2020;10727;11;226;12,7;1,5;0,7;1,5
478;22.08.2020;10716;62;226;12,7;7,4;0,7;1,2
475;21.08.2020;10654;112;226;12,7;12,5;0,7;1,3
472;20.08.2020;10542;80;226;12,1;19;0,5;1,3
469;19.08.2020;10462;69;224;14,1;29;0,5;1,3
466;18.08.2020;10393;75;224;14,8;35,1;0,5;1,1
463;17.08.2020;10318;66;224;14,7;38;0,4;1,2
460;16.08.2020;10252;15;224;14,8;40,1;0,5;1,2
457;15.08.2020;10237;42;224;14,4;39,6;0,5;1,2
454;14.08.2020;10195;89;224;15,2;38,7;0,5;1,1
451;13.08.2020;10106;131;224;15;33;0,6;1,1
448;12.08.2020;9975;125;224;12,9;24,4;0,5;1,5
445;11.08.2020;9850;111;224;11,7;22,2;0,4;1,2
442;10.08.2020;9739;42;224;10,4;23,5;0,4;1,2
439;09.08.2020;9697;10;224;10,3;27,9;0,4;1,2
436;08.08.2020;9687;48;224;10,7;31,8;0,4;1,2
433;07.08.2020;9639;97;224;9,9;32,1;0,4;1,2
430;06.08.2020;9542;53;224;9;36,5;0,5;1,3
427;05.08.2020;9489;91;224;9;46,1;0,6;1,4
424;04.08.2020;9398;32;223;9,2;55,3;0,7;1,4
421;03.08.2020;9366;39;223;9;63,1;0,7;1,5
418;02.08.2020;9327;9;223;9,1;69,7;0,7;1,5
415;01.08.2020;9318;45;223;8,7;71,5;0,7;1,4
412;31.07.2020;9273;82;223;8,2;73,1;0,7;1,3
409;30.07.2020;9191;42;223;8,2;69,5;0,7;1,4
406;29.07.2020;9149;79;223;7,1;55,5;0,7;1,2
403;28.07.2020;9070;51;223;6,2;40,2;0,6;1,4
400;27.07.2020;9019;19;223;5,9;25,4;0,6;1,4
397;26.07.2020;9000;10;223;5,8;10;0,6;1,5
394;25.07.2020;8990;34;223;5,9;-4,5;0,8;1,4
391;24.07.2020;8956;63;223;4,8;-20,2;0,7;1,4
388;23.07.2020;8893;34;222;3,9;-28,1;0,7;1,6
385;22.07.2020;8859;23;222;3,9;-32,8;0,6;1,4
382;21.07.2020;8836;35;222;3,6;-34,5;0,5;1,5
379;20.07.2020;8801;23;221;3,6;-33,9;0,5;1,5
376;19.07.2020;8778;5;221;3,6;-33,4;0,4;1,6
373;18.07.2020;8773;26;221;3,2;-31,7;0,4;1,5
370;17.07.2020;8747;23;221;3,6;-27,1;0,4;1,5
367;16.07.2020;8724;26;221;4;-22,6;0,5;1,5
364;15.07.2020;8698;25;221;4,6;-18,7;0,5;1,6
361;14.07.2020;8673;18;220;5;-16,6;0,6;1,5
358;13.07.2020;8655;18;219;5,1;-16,9;1;1,6
355;12.07.2020;8637;1;217;5,2;-17,2;0,9;1,9
352;11.07.2020;8636;20;217;5,9;-17,4;0,8;2
349;10.07.2020;8616;31;216;6,1;-19,2;0,9;2,3
346;09.07.2020;8585;49;216;6,7;-25,7;1,4;2,4
343;08.07.2020;8536;35;216;6,7;-34;1,3;2,3
340;07.07.2020;8501;40;215;6,6;-39,2;1,6;2,3
337;06.07.2020;8461;11;215;7,2;-41,1;1,6;2,7
334;05.07.2020;8450;17;215;7,2;-40,1;1,6;2,5
331;04.07.2020;8433;41;215;6,8;-37,7;1,5;2,6
328;03.07.2020;8392;48;214;6,8;-35,4;1,6;2,5
325;02.07.2020;8344;43;214;7;-29,1;1,4;2,5
322;01.07.2020;8301;59;214;7,3;-20,1;1,5;2,8
319;30.06.2020;8242;23;214;8,3;-11,1;1,5;2,8
316;29.06.2020;8219;44;214;8,6;-2,1;1,3;2,6
313;28.06.2020;8175;8;213;9,1;7,6;1,4;2,4
310;27.06.2020;8167;23;213;9,5;18,3;1,4;2,5
307;26.06.2020;8144;49;213;12,1;33,2;1,5;2,5
304;25.06.2020;8095;75;212;13,9;44,9;1,1;2,5
301;24.06.2020;8020;46;212;14,6;53,2;1,2;2,4
298;23.06.2020;7974;59;211;14,8;59,1;1;2,8
295;22.06.2020;7915;83;211;13,9;62,3;1,1;3,3
292;21.06.2020;7832;29;211;13,7;67,4;1,1;3,4
289;20.06.2020;7803;71;211;14,6;66,8;1,2;3,4
286;19.06.2020;7732;130;211;12;53;1,1;3,3
283;18.06.2020;7602;128;211;10;45,7;1;3,5
280;17.06.2020;7474;73;210;9,7;45;1,2;3,5
277;16.06.2020;7401;33;209;9,2;43,3;1,3;3,5
274;15.06.2020;7368;47;208;9,2;43;1,2;3,5
271;14.06.2020;7321;40;208;9,1;36,6;1,1;3,4
268;13.06.2020;7281;30;208;7,6;29,7;1;3,6
265;12.06.2020;7251;87;208;7,5;29;0,9;3,6
262;11.06.2020;7164;29;208;6,9;25,8;0,9;3,7
259;10.06.2020;7135;54;208;6,3;24,9;1;3,7
256;09.06.2020;7081;40;206;5,9;24,6;0,9;3,7
253;08.06.2020;7041;26;206;5,2;22;1,2;4,4
250;07.06.2020;7015;19;205;5,7;21,3;1,2;4,5
247;06.06.2020;6996;33;205;5,9;16,1;1,1;4,4
244;05.06.2020;6963;18;201;5,7;7,7;1,3;5
241;04.06.2020;6945;45;200;5,5;2,3;1,3;4,8
238;03.06.2020;6900;27;200;5,1;-6,6;1;4,6
235;02.06.2020;6873;35;198;4,6;-13,9;0,9;4,4
232;01.06.2020;6838;23;198;5,1;-16,8;;4,3
229;31.05.2020;6815;16;198;4,5;-19;;4,2
226;30.05.2020;6799;33;198;4,1;-18,4;;4,1
223;29.05.2020;6766;29;197;4,2;-16,3;;4,3
220;28.05.2020;6737;35;196;3,9;-13,1;;3,7
217;27.05.2020;6702;30;195;4;-9,5;;3,7
214;26.05.2020;6672;21;193;4,6;-5,4;;4,5
211;25.05.2020;6651;10;191;4,9;-4,5;;4,7
208;24.05.2020;6641;5;191;5;-7,4;;4,3
205;23.05.2020;6636;25;191;5,2;-11,7;;4,4
202;22.05.2020;6611;29;190;4,8;-16,6;;4,3
199;21.05.2020;6582;30;190;5,7;-19,9;;4,7
196;20.05.2020;6552;49;186;6;-23,7;;4,8
193;19.05.2020;6503;29;186;5,8;-27,2;;5,6
190;18.05.2020;6474;20;182;5,4;-30;;5,2
187;17.05.2020;6454;11;180;5,4;-30,5;;5,3
184;16.05.2020;6443;19;181;5,4;-29,2;;5,3
181;15.05.2020;6424;31;181;5,1;-28,3;;5,6
178;14.05.2020;6393;55;177;5,4;-28,1;;6,2
175;13.05.2020;6338;44;173;5,4;-28,6;;6,9
172;12.05.2020;6294;25;170;5,8;-28;;7,3
169;11.05.2020;6269;2;165;6,8;-26,5;;8,1
166;10.05.2020;6267;11;165;7,4;-24,6;;8,2
163;09.05.2020;6256;20;165;7,8;-23,2;;8,2
160;08.05.2020;6236;33;164;8,3;-22,7;;8,7
157;07.05.2020;6203;60;163;8,3;-23,7;;8,6
154;06.05.2020;6143;57;162;8,6;-23,6;;8,7
151;05.05.2020;6086;50;162;9,2;-23,8;;9
148;04.05.2020;6036;32;154;9,3;-23,4;;9
145;03.05.2020;6004;34;154;9,1;-22,6;;8,8
142;02.05.2020;5970;34;154;9,6;-21,2;;8,9
139;01.05.2020;5936;55;152;10,9;-19,6;;8,7
136;30.04.2020;5881;60;149;11,8;-17,4;;8,6
133;29.04.2020;5821;83;147;12,2;-18,3;;10,1
130;28.04.2020;5738;61;137;12,2;-20,7;;10,3
127;27.04.2020;5677;33;127;11,9;-25,3;;10,6
124;26.04.2020;5644;37;125;12,1;-29,5;;9,9
121;25.04.2020;5607;75;123;12,9;-31,9;;10,2
118;24.04.2020;5532;56;113;14,1;-33,1;;10,7
115;23.04.2020;5476;121;112;14,3;-36,5;;10,4
112;22.04.2020;5355;14;105;15,1;-38,5;;10,9
109;21.04.2020;5341;76;105;15,1;-38,8;;11,1
106;20.04.2020;5265;40;97;15,5;-37,7;;11,1
103;19.04.2020;5225;38;94;16,1;-35,9;;10,1
100;18.04.2020;5187;96;92;16,3;-33,4;;10
97;17.04.2020;5091;120;91;15,3;-31,4;;10,4
94;16.04.2020;4971;101;84;17,6;-27,4;;9,7
91;15.04.2020;4870;141;74;19,4;-24,1;;10,8
88;14.04.2020;4729;62;62;22,9;-21,3;;12,1
85;13.04.2020;4667;84;56;25,1;-18,9;;12,3
82;12.04.2020;4583;30;51;25,8;-16,6;;12,2
79;11.04.2020;4553;107;50;26,4;-13,6;;12,1
76;10.04.2020;4446;89;46;30,6;-9,2;;12,8
73;09.04.2020;4357;145;42;32,2;-6;;11,5
70;08.04.2020;4212;174;37;32,5;-2;;11,9
67;07.04.2020;4038;176;32;32,8;3,3;;11,8
64;06.04.2020;3862;175;28;33,5;10;;12,5
61;05.04.2020;3687;61;26;33,7;17,9;;12,8
58;04.04.2020;3626;140;24;36,2;26,5;;13,2
55;03.04.2020;3486;263;22;35,4;35;;11,9
52;02.04.2020;3223;230;20;36,7;46,7;;10
49;01.04.2020;2993;216;;38,2;60,6;;9,8
46;31.03.2020;2777;196;16;37,8;75,3;;9,4
43;30.03.2020;2581;119;13;37,5;92;;10,1
40;29.03.2020;2462;125;11;37;109,6;;9
37;28.03.2020;2337;185;9;35,1;125,9;;8,8
34;27.03.2020;2152;215;8;34;144,3;;7,9
31;26.03.2020;1937;292;7;31,2;160,7;;6,5
28;25.03.2020;1645;220;4;28,5;180,4;;5,9
25;24.03.2020;1425;206;3;25,6;204,4;;6,3
22;23.03.2020;1219;148;2;23;237,1;;5
19;22.03.2020;1071;46;1;21,8;278,8;;4,5
16;21.03.2020;1025;157;1;19,2;299;;4,3
13;20.03.2020;868;180;1;16,2;294,8;;3,3
10;19.03.2020;688;169;0;12,5;262,5;;
7;18.03.2020;519;136;0;9,7;246,1;;
4;17.03.2020;383;51;0;8,1;267,7;;
1;16.03.2020;332;332;0;7;;;
